date;time;station;component_1;component_2;component_3;component_4;component_5;component_6;component_7;component_8;component_9
2026-04-01;00:00;EST-01;19,75;25,37;20,09;35,65;68,29;;4,26;2,03;
2026-04-01;01:00;EST-01;14,72;;19,23;27,45;81,94;0,484;2,28;3,05;23
2026-04-01;02:00;EST-01;21,51;34,12;14,08;14,26;77,34;0,377;3,14;1,97;
2026-04-01;03:00;EST-01;19,6;33,83;17,49;41,63;62,39;0,337;2,37;3,42;68,2
2026-04-01;04:00;EST-01;18,08;23,89;12,22;22,31;64,46;0,535;2,67;2,85;139,5
2026-04-01;05:00;EST-01;20,05;37,3;19,05;32,1;56,26;0,561;5,26;0,31;281,1
2026-04-01;06:00;EST-01;18,12;25,16;18,62;38,03;47,48;0,745;0,63;2;228,5
2026-04-01;07:00;EST-01;23,31;41,56;26,38;34,14;47,91;0,825;3,62;0,59;84,2
2026-04-01;08:00;EST-01;18,32;32,3;25,71;41,52;47,44;0,824;5,25;2,04;293
2026-04-01;09:00;EST-01;20,39;30,44;25,68;26,38;53,6;0,833;4,02;3,22;250,7
2026-04-01;10:00;EST-01;26,66;42,07;27,88;38,4;42,56;0,783;1,35;1;327,1
2026-04-01;11:00;EST-01;21,21;31,66;38,57;51,14;60,28;0,943;3,59;1,07;324,9
2026-04-01;12:00;EST-01;28,83;35,76;35,83;52,07;56,44;0,93;4,14;1,71;155,6
2026-04-01;13:00;EST-01;25,95;51,13;33,46;38,66;65,9;1,219;6,72;;52
2026-04-01;14:00;EST-01;31,85;43,83;31,8;37,11;67,66;;5,27;2,17;345,1
2026-04-01;15:00;EST-01;21,8;36,76;38,85;70,36;92,66;1,249;2,02;0;96,1
2026-04-01;16:00;EST-01;22,21;33,05;30,6;41,71;86,4;1,17;3,68;0,95;39,1
2026-04-01;17:00;EST-01;22,88;36,29;40,91;58,32;90,04;1,008;1,63;1,05;199,7
2026-04-01;18:00;EST-01;32,51;47,09;34,19;40,65;92,91;1,058;3,69;2,44;337
2026-04-01;19:00;EST-01;24,82;36,98;;19,82;90,35;1,14;4,32;2,32;186,8
2026-04-01;20:00;EST-01;27,22;44,87;22,95;40,97;92,57;1,03;4,37;0,66;86,7
2026-04-01;21:00;EST-01;27,57;54,45;21,51;27,05;98,09;0,53;2,21;3,46;349,9
2026-04-01;22:00;EST-01;19,98;30,99;21,69;41,62;87,86;0,697;0;2,43;249,9
2026-04-01;23:00;EST-01;;17,61;16,26;30,09;;0,522;3,03;2,01;175,9
2026-04-02;00:00;EST-01;20,69;;15,57;16,23;78,66;0,49;4,35;0,87;50,5
2026-04-02;01:00;EST-01;19,05;45,58;;27,79;73,45;0,194;2,82;2,97;
2026-04-02;02:00;EST-01;15,08;20,21;4,26;4,67;63,63;0,321;2,25;2,36;312,3
2026-04-02;03:00;EST-01;12,27;32,4;8,9;3,69;75,85;0,849;1,66;1,95;52,6
2026-04-02;04:00;EST-01;25,45;34,8;15,11;27,38;62,61;0,397;3,73;0,44;7,6
2026-04-02;05:00;EST-01;18,11;30,36;15,15;;61,93;0,54;4,7;2,58;315
2026-04-02;06:00;EST-01;17,11;29,28;19,51;44,06;62,12;0,658;2,47;0,83;300
2026-04-02;07:00;EST-01;22,02;38,11;13,69;26,58;53,41;0,53;3,06;2,9;231,3
2026-04-02;08:00;EST-01;20,83;32,71;23,74;;58,83;0,415;3,53;2,76;95,9
2026-04-02;09:00;EST-01;21,55;23,94;29,23;54,74;41,48;1,033;3,34;2,41;246,9
2026-04-02;10:00;EST-01;22,66;44,06;32,91;59,94;59,74;1,066;7,49;3,16;289,6
2026-04-02;11:00;EST-01;23,64;38,23;28,58;47,93;48,79;1,2;3,62;4,26;34,2
2026-04-02;12:00;EST-01;32,75;56,78;;35,58;52,97;1,069;7,02;3,46;286,2
2026-04-02;13:00;EST-01;21,81;35,09;28,58;34,64;66,7;1,36;5,22;0;188,1
2026-04-02;14:00;EST-01;26,29;44,54;43,08;43,81;66,45;1,289;0,84;4,71;236,8
2026-04-02;15:00;EST-01;29,25;43,37;;62,77;76,57;1,222;;1,2;113,2
2026-04-02;16:00;EST-01;24,85;42,07;38,66;45,65;79,25;1,369;2,51;1,27;280,9
2026-04-02;17:00;EST-01;28,21;45,2;38,72;61,06;89,19;1,166;8,66;2,19;43,9
2026-04-02;18:00;EST-01;30,42;45,92;30,54;53,23;77,71;0,812;0,8;1,31;108,7
2026-04-02;19:00;EST-01;25,13;41,87;20,52;10,25;89,64;0,833;4,92;3,55;359,7
2026-04-02;20:00;EST-01;19,35;31,79;28,8;42,15;93,18;0,694;3,64;2,8;71,4
2026-04-02;21:00;EST-01;19,39;34,15;21,08;28,58;94,3;0,398;1,41;0,28;305,8
2026-04-02;22:00;EST-01;17,29;32,16;18,58;27,59;93,86;0,799;3,86;4,53;226,8
2026-04-02;23:00;EST-01;15,82;21,75;10,53;7,63;81,99;0,638;7,44;0,43;19,6
2026-04-03;00:00;EST-01;14,37;25,85;15,68;7,31;85,57;0,363;;0,9;165,1
2026-04-03;01:00;EST-01;19,85;30,62;16,98;26,67;83,1;0,362;1,05;4,1;233,7
2026-04-03;02:00;EST-01;22,46;38,23;14,34;22,87;81,71;0,712;4,14;2,74;109,7
2026-04-03;03:00;EST-01;;25,6;;23,81;59,82;0,175;0;0,82;13
2026-04-03;04:00;EST-01;17,36;39,4;21,87;22,92;62,09;0,393;3,43;2,78;113,8
2026-04-03;05:00;EST-01;17,81;34,89;12,22;17,16;71,44;0,551;6,87;2,64;331,6
2026-04-03;06:00;EST-01;19,77;30,61;16,1;25,99;47,57;0,7;6,17;3,05;101
2026-04-03;07:00;EST-01;22,78;34,6;27,09;23,27;48,67;0,398;1,01;4,55;55,3
2026-04-03;08:00;EST-01;19,12;21,58;10,18;9,9;64,52;0,865;2,88;3,2;253,9
2026-04-03;09:00;EST-01;;35,55;27,16;44,35;52,75;1,004;2,62;3,85;356,1
2026-04-03;10:00;EST-01;20,12;26,86;36,68;49,82;61,1;0,934;6,91;2,7;156,2
2026-04-03;11:00;EST-01;;47,57;27,37;34,72;58,57;0,848;5,27;1,69;211,1
2026-04-03;12:00;EST-01;15,89;20,7;25,23;28,71;61,49;1,12;3,49;2,26;20,9
2026-04-03;13:00;EST-01;21,83;39,17;37,97;56,24;68,16;1,231;8,07;2,37;327,4
2026-04-03;14:00;EST-01;22,99;30,58;28,78;33,18;69,58;1,25;4,1;1,35;122
2026-04-03;15:00;EST-01;28,82;45,16;31,39;48,34;76,3;0,969;3,86;2,89;253,1
2026-04-03;16:00;EST-01;26,22;33,23;40,34;66,46;78,48;1,201;0;0,77;281,5
2026-04-03;17:00;EST-01;;37,15;42,06;49,47;79,12;1,118;7,22;0,67;103,8
2026-04-03;18:00;EST-01;31,29;40,15;23,59;29,64;84,2;1,122;4,48;0;148,2
2026-04-03;19:00;EST-01;20,73;40,81;24,45;29,14;92,57;1,018;4,9;0;17,5
2026-04-03;20:00;EST-01;17,86;29,99;17,88;28,6;85,16;0,608;5,43;2,86;84,4
2026-04-03;21:00;EST-01;26,77;40,19;22,57;33,75;85,6;0,767;2,93;1,88;241,8
2026-04-03;22:00;EST-01;15,84;10,86;28,05;59,67;84,89;0,309;3,38;2,07;319,2
2026-04-03;23:00;EST-01;14,72;27,03;20,55;16,82;88,34;0,825;;1,99;49,3
2026-04-04;00:00;EST-01;21;23,21;17,16;20,9;;0,427;7,34;0,84;72,7
2026-04-04;01:00;EST-01;19,41;25,85;16,23;32,42;73,23;0,16;3,96;1,15;102,4
2026-04-04;02:00;EST-01;17,67;18,04;6,92;13,55;66,86;0,015;5,57;2,91;107,8
2026-04-04;03:00;EST-01;12,87;25,61;17,09;42,98;67,34;0,472;3,67;3,73;171,5
2026-04-04;04:00;EST-01;23,54;34,54;14,16;15,99;64,74;0,678;3,08;1,86;184,6
2026-04-04;05:00;EST-01;18,19;34,81;6,67;2,72;51,16;0,169;2,07;1,13;185,8
2026-04-04;06:00;EST-01;24,45;37,65;14,85;20,33;58,97;0,454;2,18;3,34;141,9
2026-04-04;07:00;EST-01;23,55;37,61;25,92;28,01;50,61;0,665;1,57;0,15;155,3
2026-04-04;08:00;EST-01;20,6;26,82;;;36,32;0,576;2,15;4,69;119,1
2026-04-04;09:00;EST-01;26,1;34,93;21,99;34,37;51,03;0,986;3,62;2,92;3,3
2026-04-04;10:00;EST-01;27,11;48,22;21,9;12,68;58,69;1,178;1,96;0;1,7
2026-04-04;11:00;EST-01;28,55;56,47;34,65;45,54;50,5;1,085;3,4;0,98;217,2
2026-04-04;12:00;EST-01;32,6;58,98;29,06;47,52;63,84;1,213;6,5;3,45;114,3
2026-04-04;13:00;EST-01;;47,5;25,74;36,71;61,49;0,994;7,36;5,09;114,2
2026-04-04;14:00;EST-01;27,02;51,34;35,06;50,71;63,44;1,26;4,12;0,55;1,4
2026-04-04;15:00;EST-01;25,54;51,66;39,13;54,87;76,67;1,193;3,59;0,88;98,3
2026-04-04;16:00;EST-01;22,48;28,47;36,22;53,83;69,28;1,128;5,99;4,09;314,6
2026-04-04;17:00;EST-01;24,98;34,9;26,65;40,07;86,42;1,276;6,2;2,3;354
2026-04-04;18:00;EST-01;22,72;37,66;28,99;35,96;88,84;0,924;2,74;2,97;142,2
2026-04-04;19:00;EST-01;24,01;40,06;21,89;26,8;97,95;0,729;0;0;316,2
2026-04-04;20:00;EST-01;22,12;34,69;31,07;22,12;92,38;1,034;1,74;1,93;311,6
2026-04-04;21:00;EST-01;17,39;;29,55;56,07;87,3;0,982;4,07;5,13;319,5
2026-04-04;22:00;EST-01;20,52;35,03;35,89;57,06;83,08;0,745;3,28;1,77;70,8
2026-04-04;23:00;EST-01;19,3;32,54;18;27,89;86,69;;5,33;1,03;35,6
2026-04-05;00:00;EST-01;18,3;29,79;12,87;24,67;71,95;0,393;2,83;2,43;16,3
2026-04-05;01:00;EST-01;14,1;26,91;15,66;;63,42;0,412;3,56;2,34;315,6
2026-04-05;02:00;EST-01;18,9;35,93;9,44;3,85;63,44;0,443;6,49;1,85;
2026-04-05;03:00;EST-01;;13,11;12,55;14,31;65,06;0,367;6,1;1,49;264,6
2026-04-05;04:00;EST-01;20,45;23,51;18,29;26,42;59,12;0,692;2,76;5,59;322,6
2026-04-05;05:00;EST-01;14,06;22,92;12,55;11,55;;0,6;2,76;3,98;306,5
2026-04-05;06:00;EST-01;25,75;44,37;26,82;22,5;50,77;0,47;4,24;1,64;186,4
2026-04-05;07:00;EST-01;28,49;44,57;24,48;32,41;51,14;0,697;4,9;4,25;343,2
2026-04-05;08:00;EST-01;23,24;40,72;19,25;26,24;55,64;;4,42;3,83;218,9
2026-04-05;09:00;EST-01;27,84;46,27;25,81;38,82;33,1;0,961;0;0;55
2026-04-05;10:00;EST-01;25,91;34,48;26,44;47,98;49,78;1,336;4;3,11;76,3
2026-04-05;11:00;EST-01;25,35;34,55;31,52;43,85;47,67;1,044;2,52;3,89;46,5
2026-04-05;12:00;EST-01;;38,3;34,78;53,62;54;0,99;6,21;1,88;
2026-04-05;13:00;EST-01;27,64;47;27,01;39,64;69,24;1,243;5,26;0,39;321,3
2026-04-05;14:00;EST-01;24,79;36,77;39,35;66,93;80,77;1,397;3,78;3,03;259,1
2026-04-05;15:00;EST-01;26,35;42,94;38,78;53,81;70,8;1,124;5,27;2,5;33
2026-04-05;16:00;EST-01;28,14;42,78;37,44;55,45;72,59;1,363;3;0,02;88,8
2026-04-05;17:00;EST-01;20,74;33,5;30,7;40,29;87,86;1,134;4,63;3,11;195,1
2026-04-05;18:00;EST-01;15,57;22,72;19,1;;87,29;1,157;6,38;2,8;246,8
2026-04-05;19:00;EST-01;24,98;36,79;27,58;46,5;85,97;1,024;5,35;1,07;196
2026-04-05;20:00;EST-01;24,79;40,28;21,19;22,79;86,77;0,881;2,09;3,16;268,2
2026-04-05;21:00;EST-01;20,15;32,9;34,64;37,47;98,15;0,719;4,82;2,68;210,9
2026-04-05;22:00;EST-01;19,39;39,74;17,72;33,86;83,45;0,591;1,86;3,18;302,1
2026-04-05;23:00;EST-01;18,86;29;12,36;15,46;74,59;0,38;4,45;4,48;223,1
2026-04-06;00:00;EST-01;16,19;34,52;17,56;23,37;82,6;;4,22;1,89;40,3
2026-04-06;01:00;EST-01;11,96;23,06;13,96;14,77;75,23;0,533;4,36;1,52;359,8
2026-04-06;02:00;EST-01;17,73;37,85;17,47;32,25;77,45;0,57;5,23;3,4;242
2026-04-06;03:00;EST-01;13,75;26,2;8,56;5,63;72,65;0,54;6,97;2,09;176,9
2026-04-06;04:00;EST-01;17,57;28,73;;32,5;;0,506;2,02;3,18;0,2
2026-04-06;05:00;EST-01;16,17;24,46;17,01;21,65;66,49;0,502;3,51;0;296,3
2026-04-06;06:00;EST-01;18,95;26,2;26,91;36,35;60,41;0,609;4,07;2,37;270,1
2026-04-06;07:00;EST-01;27,84;30,63;12,4;13,02;50,77;0,8;4,95;1,92;63,1
2026-04-06;08:00;EST-01;26,12;;29,81;43,92;46,63;0,905;4,22;2,5;351,2
2026-04-06;09:00;EST-01;13,23;12,66;21,65;;49,15;0,677;2,03;1,21;298,3
2026-04-06;10:00;EST-01;31,21;47,46;28,18;30,26;41,23;0,982;2;2,37;297,6
2026-04-06;11:00;EST-01;21,78;35,74;33,9;50,8;47,93;1,211;2,4;3,45;0,4
2026-04-06;12:00;EST-01;19,96;30,04;35,49;54,59;59,15;1,376;6,02;2,12;21,4
2026-04-06;13:00;EST-01;33,6;65,52;28,52;32,51;73,73;1,028;1,35;1,77;
2026-04-06;14:00;EST-01;25,59;37,04;31,63;38,58;64,72;;4,6;3,83;73,9
2026-04-06;15:00;EST-01;25,12;35,91;21,4;18,94;64,31;0,849;1,61;4,49;271,5
2026-04-06;16:00;EST-01;30,63;51,47;37,57;45,4;83,14;1,256;2,85;3,34;290,2
2026-04-06;17:00;EST-01;22,63;;26,15;37,3;86,1;0,964;4,05;3,36;69,6
2026-04-06;18:00;EST-01;30,21;55,99;24,99;48,46;84,13;1,157;4,14;1,88;335,8
2026-04-06;19:00;EST-01;22,35;26,4;32,42;57,53;84,54;0,949;2,55;1,56;124,5
2026-04-06;20:00;EST-01;21,85;45,39;22,59;39,62;;0,919;3,11;2,43;92,7
2026-04-06;21:00;EST-01;17,62;32,17;25,66;40,68;98,54;0,914;3,25;3,06;208,4
2026-04-06;22:00;EST-01;20,09;28,55;28,1;42,25;86,01;0,779;0;0;167,7
2026-04-06;23:00;EST-01;;32,56;11,3;15,63;96,16;0,641;4,34;1,84;279
2026-04-07;00:00;EST-01;10,02;17,58;20,57;16,19;76,03;0,28;2,07;2,58;134,8
2026-04-07;01:00;EST-01;7,95;16,41;19,11;24,75;60,29;0,264;6,47;0;150,3
2026-04-07;02:00;EST-01;13,28;26,08;11,62;;73,39;0,675;3,59;3,06;166,9
2026-04-07;03:00;EST-01;22,9;32,07;12,54;17,37;55,45;0,448;5,93;2,94;77,2
2026-04-07;04:00;EST-01;18,04;33,32;6,95;1,13;65,26;0,494;4,82;5,29;29,1
2026-04-07;05:00;EST-01;21,8;51,15;16,86;17,22;58,42;0,583;2,95;0,95;345,1
2026-04-07;06:00;EST-01;21,31;29,7;24,58;33,54;51,16;0,684;1,42;3,03;300,5
2026-04-07;07:00;EST-01;22,83;34,27;19,88;;49,16;0,64;5,83;0;111,8
2026-04-07;08:00;EST-01;20,48;35,03;19,37;37,74;57,47;0,944;0,97;3,74;303,2
2026-04-07;09:00;EST-01;16,61;26,44;29,41;45,62;51,75;0,947;;4,34;173,9
2026-04-07;10:00;EST-01;22,73;;21,24;30,49;;0,837;4,67;1,13;335
2026-04-07;11:00;EST-01;;;34,38;33,17;67,03;1,173;3,64;3,36;351,8
2026-04-07;12:00;EST-01;30,19;46,37;32,64;41,76;;1,251;4,51;3,48;225,4
2026-04-07;13:00;EST-01;27,92;42,15;45,81;51,59;72,39;1,392;2,3;5,84;157,6
2026-04-07;14:00;EST-01;29,88;47,98;33,91;45,8;72,34;1,41;4,36;1,13;156,5
2026-04-07;15:00;EST-01;29,55;51,21;38,39;51,57;69,6;1,056;;2,86;182,9
2026-04-07;16:00;EST-01;23,7;20,19;27,42;47,36;76,01;1,2;1,22;4,66;
2026-04-07;17:00;EST-01;25,99;55,54;39,65;53,06;80,58;1,034;;2,34;281,4
2026-04-07;18:00;EST-01;29,87;47,1;;58,82;98,03;1,054;5,93;1,41;133,5
2026-04-07;19:00;EST-01;24,87;45,73;27,79;28,61;81,16;0,689;0,46;2,66;71,5
2026-04-07;20:00;EST-01;;21,55;24,05;;102,58;0,581;3,22;5,06;104,9
2026-04-07;21:00;EST-01;23,22;37,84;24,06;39,91;84,46;0,828;;2,99;98,4
2026-04-07;22:00;EST-01;17,53;27,92;16,89;15,07;85,2;0,434;4,65;0,77;293,4
2026-04-07;23:00;EST-01;14,45;19,72;14,81;31,33;86,12;0,485;5;;270,6
2026-04-08;00:00;EST-01;26,53;43,24;16,68;27,74;85,37;0,154;0,64;2,82;334,8
2026-04-08;01:00;EST-01;23,38;35,52;5,67;0;58,68;;3,62;1,86;165,9
2026-04-08;02:00;EST-01;22,79;35,45;4,33;11;73,33;0,446;5,96;0,75;39,1
2026-04-08;03:00;EST-01;14,3;27,37;6,9;2,22;73,92;0,374;5,68;2,86;96,5
2026-04-08;04:00;EST-01;23,99;36,97;7,44;3,98;63,31;0,513;0,87;;341,7
2026-04-08;05:00;EST-01;17,71;;14,79;14,87;60,49;0,639;3,71;1,91;50,4
2026-04-08;06:00;EST-01;16,73;19,89;15,3;16,34;45,7;0,624;5,46;0,12;91,1
2026-04-08;07:00;EST-01;20,08;;22,35;19,66;43,11;0,701;6,06;0;
2026-04-08;08:00;EST-01;26,76;41,9;27,75;33,23;49,28;0,557;0;3,91;70,4
2026-04-08;09:00;EST-01;21,21;25,62;20,54;27,36;46,3;0,96;4,91;2,98;332,4
2026-04-08;10:00;EST-01;30,31;42,09;29,73;50,68;;0,787;;;104,2
2026-04-08;11:00;EST-01;25,61;39,67;30,15;44,52;54,34;1,076;4,16;1,48;144,7
2026-04-08;12:00;EST-01;37,12;48,73;35,28;43,31;63,46;1,153;5,52;4,26;330,3
2026-04-08;13:00;EST-01;30,39;34,56;42,61;62,66;71,29;1,003;;2,72;46,2
2026-04-08;14:00;EST-01;27,13;49,92;26,17;44,43;70,05;;1,06;3,25;269,8
2026-04-08;15:00;EST-01;24,02;42,32;27,2;38,51;74,46;1,362;3,64;1,46;328,7
2026-04-08;16:00;EST-01;30,56;52,11;;42,53;70,6;1,205;0,48;3,63;330,4
2026-04-08;17:00;EST-01;34,38;48,4;31,56;;91,29;0,978;4,45;2,5;102,3
2026-04-08;18:00;EST-01;21,21;33,39;22,01;31,89;90,02;0,966;;3,98;237,1
2026-04-08;19:00;EST-01;20,13;30,53;20,08;19,92;86,09;1,088;2,72;3,46;311,4
2026-04-08;20:00;EST-01;22,99;35,94;29,37;36,83;80,56;0,593;2,94;0,63;191,3
2026-04-08;21:00;EST-01;19,1;;13,72;20,84;;0,622;4,28;;191,4
2026-04-08;22:00;EST-01;27,61;41,46;21,3;38,02;86,34;0,513;0;3,46;50,8
2026-04-08;23:00;EST-01;15,12;24,95;15,01;16,79;87,78;0,316;6,09;0,4;25,7
2026-04-09;00:00;EST-01;26,23;48,73;16,83;16,03;76,82;0,465;4,08;2,36;229,8
2026-04-09;01:00;EST-01;17,28;18,99;12,76;25,18;66,97;0,385;2,36;2,67;55,3
2026-04-09;02:00;EST-01;23,91;41,29;8,44;17,19;65,35;0,313;4,63;1,76;78
2026-04-09;03:00;EST-01;15,04;20,35;12,06;12,36;71,42;0,508;7,42;5,9;224,5
2026-04-09;04:00;EST-01;;23,05;12,45;;53,66;0,296;3,71;0,67;80,1
2026-04-09;05:00;EST-01;15,5;41,66;15,67;22,52;48,09;0,773;6,24;2,95;177,1
2026-04-09;06:00;EST-01;20,84;26,62;27,31;44,71;53,25;0,235;2,03;3,53;168,6
2026-04-09;07:00;EST-01;25,4;31,09;23,92;41,61;40,73;0,695;4,55;2,05;264
2026-04-09;08:00;EST-01;20,7;31,15;24,26;29,46;47,34;0,794;4,88;2,04;148,4
2026-04-09;09:00;EST-01;23,4;25,92;29,97;41,96;50,92;;0,09;0;103,3
2026-04-09;10:00;EST-01;;39,38;27,69;44,08;58,28;1,073;3,48;0;335,9
2026-04-09;11:00;EST-01;;;27,67;44,13;61,02;1,317;2,25;2,16;287,4
2026-04-09;12:00;EST-01;;;35,73;54,66;60,53;1,179;3,48;4,72;120,1
2026-04-09;13:00;EST-01;23,51;37,69;39,05;42,7;56,96;0,881;4,07;0,82;7,6
2026-04-09;14:00;EST-01;28,65;41,98;36,16;48,22;74,03;1,271;2,62;2,25;305,6
2026-04-09;15:00;EST-01;27,44;35,52;37,94;44,44;83,65;1,34;4,58;2,74;64,3
2026-04-09;16:00;EST-01;28,18;42,86;34,84;55,75;76,63;1,054;1,61;0,9;177,9
2026-04-09;17:00;EST-01;27,75;;;41,87;88,49;1,296;3,09;2,65;158,1
2026-04-09;18:00;EST-01;;33,73;31;30,91;90,58;1,154;2,43;0,79;88,4
2026-04-09;19:00;EST-01;21,97;31,66;19,83;31,39;86,62;0,742;;4,11;334,6
2026-04-09;20:00;EST-01;21,48;38,08;19,2;27,13;90,88;0,73;4,87;1,33;198,1
2026-04-09;21:00;EST-01;23,17;19,57;;15,33;85,62;0,85;3,37;0,3;27
2026-04-09;22:00;EST-01;24,11;27,04;25,64;35,46;80,17;0,513;1,97;3,8;62,9
2026-04-09;23:00;EST-01;12,29;17,25;13,61;29,41;76,04;0,758;3,93;0,76;87
2026-04-10;00:00;EST-01;15,33;16,88;16,81;13,72;66,92;0,397;0,39;1,37;122,3
2026-04-10;01:00;EST-01;14,65;35,45;15,62;23,83;64,52;0,316;4,43;0,96;160,7
2026-04-10;02:00;EST-01;13,19;19,38;;18,21;66,16;0,359;3,53;1,4;17,1
2026-04-10;03:00;EST-01;;30,01;13,19;24,84;63,41;0,368;4,21;5,04;134,5
2026-04-10;04:00;EST-01;21,62;23,23;17,43;37;62,93;0,479;2,88;2,55;191
2026-04-10;05:00;EST-01;16,03;23,91;18,92;20,35;51,02;0,313;4,78;3,32;8
2026-04-10;06:00;EST-01;23,86;38,7;;33,17;52,13;0,52;8,43;1,82;160,2
2026-04-10;07:00;EST-01;22,7;37,83;15,39;30,52;50,12;0,53;6,38;3,44;172,7
2026-04-10;08:00;EST-01;29,11;50,53;24,95;47,65;50,96;0,796;2,68;3,37;334,8
2026-04-10;09:00;EST-01;23,09;32,21;28,24;38,97;42,68;0,683;5,13;;140,4
2026-04-10;10:00;EST-01;22,09;43,19;27,53;43,82;50,3;1,017;5,47;1,81;65,3
2026-04-10;11:00;EST-01;20,85;35,13;36,68;56,64;;0,968;;1,01;205,9
2026-04-10;12:00;EST-01;27,46;44,54;28,05;45,4;52,65;;9,71;;290,5
2026-04-10;13:00;EST-01;23,89;27,37;31,65;35,56;56,14;1,445;4,55;3,07;192
2026-04-10;14:00;EST-01;25,31;46,28;34,84;53,02;68,82;1,149;1,19;0;98,6
2026-04-10;15:00;EST-01;26,09;34,03;34,49;48,71;62,24;1,049;4,81;3,08;72,8
2026-04-10;16:00;EST-01;26,1;47,89;37,55;51,8;77,19;1,052;4,94;2,79;303,9
2026-04-10;17:00;EST-01;25,36;45,48;32,54;;89,37;0,962;0,38;4,82;277,2
2026-04-10;18:00;EST-01;;23,14;33,86;45,17;84,25;;;1,3;99,3
2026-04-10;19:00;EST-01;24,6;42,33;32,14;46,59;92,25;0,865;4,13;2,66;321,7
2026-04-10;20:00;EST-01;25,09;43,48;25,22;28,84;90,41;0,796;4,39;;203,7
2026-04-10;21:00;EST-01;22,65;42,66;22,9;50,77;87,05;0,745;2,4;1,97;189,5
2026-04-10;22:00;EST-01;23,39;39,33;26,3;36,05;85,33;1,006;4,79;1,42;21,2
2026-04-10;23:00;EST-01;15,4;;16,11;23,57;83,76;0,627;;0,89;322,1
2026-04-11;00:00;EST-01;20,94;35,5;12,29;22,63;75,54;0,375;2,11;;173,7
2026-04-11;01:00;EST-01;20,56;40,37;29,4;27,49;70,75;0,321;2,3;0,88;149,8
2026-04-11;02:00;EST-01;13,13;23,02;15,26;25,21;;0,49;3,25;5,68;236
2026-04-11;03:00;EST-01;10,69;11,08;6,64;9,43;64,09;0,343;8,02;3,32;106,9
2026-04-11;04:00;EST-01;14,81;17,7;16,52;;48,86;0,427;4,03;2,18;124,3
2026-04-11;05:00;EST-01;17,01;26,16;18,38;30,57;62,34;0,473;3,09;;21,1
2026-04-11;06:00;EST-01;18,26;33,96;24,9;45,19;;;4,03;2,52;182,8
2026-04-11;07:00;EST-01;18,37;20,47;22,88;25,88;51,2;0,577;1,8;2,85;200,2
2026-04-11;08:00;EST-01;24,32;52,02;26,39;40,82;43,53;0,607;7,17;1,11;33,7
2026-04-11;09:00;EST-01;22,88;36,07;23,08;29,87;58,06;0,783;1,21;3,91;107,7
2026-04-11;10:00;EST-01;;24,94;26,28;36,35;59,67;0,845;3,83;3,51;175
2026-04-11;11:00;EST-01;28,96;39,25;33,73;49,2;62,37;1,165;;1,32;138,5
2026-04-11;12:00;EST-01;24,68;42,36;37,61;57,52;58,71;0,869;3,09;3,12;24,1
2026-04-11;13:00;EST-01;28,39;50,87;35,29;24,9;57,16;1,469;2,91;0;209
2026-04-11;14:00;EST-01;26,05;48,32;36,38;54,61;72,18;1,305;8,55;;24,9
2026-04-11;15:00;EST-01;27,65;51,09;40,67;53,53;82,17;1,326;9,15;1,37;32
2026-04-11;16:00;EST-01;24,24;35,84;29,21;18,79;77,39;1,202;3,01;;180,2
2026-04-11;17:00;EST-01;29,99;49,56;36,2;52,92;92,35;1,091;4,99;3,05;94,8
2026-04-11;18:00;EST-01;25,62;54,4;28,65;43,46;94,87;1,171;4,02;0;54
2026-04-11;19:00;EST-01;14,16;31,47;28,44;47,81;83,91;0,671;4,52;2,45;17
2026-04-11;20:00;EST-01;22,34;52,35;29,17;49,24;95,06;1,022;3,62;0;3,9
2026-04-11;21:00;EST-01;24,21;32,92;21,53;24,61;98,33;0,809;5,3;3,43;
2026-04-11;22:00;EST-01;20,79;26,15;9,07;13,9;89,26;0,781;7,14;4,85;350,9
2026-04-11;23:00;EST-01;17,76;31,3;30,59;54,66;90,86;0,459;2,23;3,68;44,6
2026-04-12;00:00;EST-01;17,58;27,44;24,3;;65,36;0,529;2,6;2,56;272,6
2026-04-12;01:00;EST-01;17,04;32,01;7,68;;79,28;0,322;0,78;3,5;157,4
2026-04-12;02:00;EST-01;17,82;16,75;18,53;12,66;71,85;0,267;1,68;1,84;145,5
2026-04-12;03:00;EST-01;15,56;28,43;13,11;26,2;66,51;0,309;2,27;0,03;98,3
2026-04-12;04:00;EST-01;17,12;;13,66;11,92;69,45;0,198;1,12;4,16;213,6
2026-04-12;05:00;EST-01;;;21,01;10,8;44,69;0,475;7,1;1,85;51,5
2026-04-12;06:00;EST-01;24,54;51,9;17,12;23,83;63,61;0,372;6,06;0,97;138
2026-04-12;07:00;EST-01;19,99;26,24;17,5;26,71;56,65;0,677;4,14;3,36;198,8
2026-04-12;08:00;EST-01;24,96;44,85;38,02;50,22;47,25;0,915;;1,7;19,2
2026-04-12;09:00;EST-01;25,2;35,35;25,54;36,47;56,66;0,813;0,32;0;83,8
2026-04-12;10:00;EST-01;18,75;29,07;24,06;28,06;48,03;0,934;6,65;3,49;225,4
2026-04-12;11:00;EST-01;22,98;34,18;33,71;51,87;50,41;1,088;;2,82;248,6
2026-04-12;12:00;EST-01;24,34;49,85;29,25;42,7;59,79;1,131;3,77;2,66;157,3
2026-04-12;13:00;EST-01;;50,19;38,74;48,62;69,42;1,072;6,18;5,82;231,7
2026-04-12;14:00;EST-01;17,23;24,28;41,16;62,05;71,49;1,351;4,97;4,33;244,2
2026-04-12;15:00;EST-01;31,95;53,27;39,19;52,4;;1,442;4,43;3,71;5,7
2026-04-12;16:00;EST-01;23,12;37,05;40,84;61,62;69,73;1,114;7,56;;301
2026-04-12;17:00;EST-01;32,4;55,94;31,72;41,44;90,64;1,002;6,3;3,31;276,4
2026-04-12;18:00;EST-01;;38,28;;42,4;77,59;1,092;5,26;3,22;148
2026-04-12;19:00;EST-01;21,75;39,53;27,36;34,41;87,45;1,207;0,53;3,25;126,4
2026-04-12;20:00;EST-01;21,57;31,91;;23,52;87,72;0,485;5,68;4,65;296,3
2026-04-12;21:00;EST-01;22,4;36,12;29,05;54,13;96,12;0,555;4,4;3,16;123,3
2026-04-12;22:00;EST-01;21,88;48,64;23,2;44,27;88,42;;4,76;1,28;
2026-04-12;23:00;EST-01;24,24;47,01;;25,91;83,62;0,568;;3,99;317,4
2026-04-13;00:00;EST-01;24,18;40,54;19,46;20,58;92,95;0,524;5,43;0,09;163
2026-04-13;01:00;EST-01;;38,66;5,77;16,39;71,91;0,625;3,82;2,81;88,6
2026-04-13;02:00;EST-01;14,41;17,1;14,02;26,24;;0,15;;1,6;143,5
2026-04-13;03:00;EST-01;10,71;13,06;15,3;28,87;60,2;0,662;2,63;;307,3
2026-04-13;04:00;EST-01;19,38;27,7;15,56;32,61;68,8;0,331;3,92;2,64;341,5
2026-04-13;05:00;EST-01;18,95;30,35;23,63;42,74;53,88;0,485;5,33;1,62;191,8
2026-04-13;06:00;EST-01;19,65;25,62;15,22;32,88;51,74;0,846;2,97;2,94;349,9
2026-04-13;07:00;EST-01;16,74;15,39;28,84;33,77;50,56;0,609;4,54;1,07;184,4
2026-04-13;08:00;EST-01;23,8;32,03;21,5;27,32;41,43;0,737;4,24;1,9;321,4
2026-04-13;09:00;EST-01;22,96;32,79;31,04;54,95;47,9;0,976;3,52;3,05;254,4
2026-04-13;10:00;EST-01;26,03;31,01;32,27;55,04;51,35;1,149;2,62;0,27;67,2
2026-04-13;11:00;EST-01;17,8;27,05;38,51;38,63;48,18;0,928;3,87;1,95;313,1
2026-04-13;12:00;EST-01;29,28;49,82;34,39;51,29;54,83;1,275;1,78;3,75;340,1
2026-04-13;13:00;EST-01;26,71;41,67;36,66;28,43;66,64;1,169;3,9;3,56;271,5
2026-04-13;14:00;EST-01;21,44;33,45;35,34;50,39;70,97;1,356;1,83;2,76;126,5
2026-04-13;15:00;EST-01;18,93;31,36;31,73;41,46;69,75;1,161;7,68;0,6;266,3
2026-04-13;16:00;EST-01;20,26;42,77;31,35;43,68;77,58;1,005;3,53;6,19;
2026-04-13;17:00;EST-01;21,42;38,15;27,91;24,87;;1,257;6,09;1,8;16,2
2026-04-13;18:00;EST-01;27;45,55;28,03;26,29;88;1,162;1,6;3,46;103,6
2026-04-13;19:00;EST-01;;46,89;24,12;20,83;86,12;1,037;2,92;1,46;265,1
2026-04-13;20:00;EST-01;29,01;51,37;28,85;48,13;93,46;0,763;3,67;1,86;133,8
2026-04-13;21:00;EST-01;23,19;34,32;24,74;26,55;98,35;0,597;5;4,1;23,1
2026-04-13;22:00;EST-01;20,38;32,67;19,72;22,99;84,62;0,822;3,78;1,32;237,9
2026-04-13;23:00;EST-01;23,57;41,77;20,73;26,96;87,58;0,421;3,48;3,95;147,8
2026-04-14;00:00;EST-01;14,61;18,24;16,88;37,45;68,51;0,495;1,25;1,55;98,8
2026-04-14;01:00;EST-01;16,45;23,12;15,38;17,25;66,4;0,531;5,51;3,76;79,9
2026-04-14;02:00;EST-01;19,2;34,77;9,84;13,85;69,3;0,676;7,85;0;355,2
2026-04-14;03:00;EST-01;14,48;29,04;20,19;20,31;67,78;0,397;5,11;2,85;358,9
2026-04-14;04:00;EST-01;18,84;29,13;21,82;35,19;64,39;0,354;1,91;1,65;192
2026-04-14;05:00;EST-01;22,32;41,56;17,15;35,46;64,07;0,554;2,36;4,86;2,7
2026-04-14;06:00;EST-01;20,5;30,77;15,55;10,02;56,48;0,482;10,12;0,87;213,9
2026-04-14;07:00;EST-01;23,01;45,98;22,73;36,41;39,62;0,595;1,85;0;4
2026-04-14;08:00;EST-01;13,03;12,91;22,31;24,59;52,38;0,846;5,79;3,63;344,8
2026-04-14;09:00;EST-01;23,03;38,66;30,15;43,34;48,3;;2,36;3,13;4,3
2026-04-14;10:00;EST-01;21,35;30,18;23,95;41,36;53,15;0,871;5,62;1,66;206,6
2026-04-14;11:00;EST-01;28,91;43,04;30,03;42,37;62,71;1,086;1,6;3,32;255,6
2026-04-14;12:00;EST-01;33,02;52,82;22,49;34,34;71,67;1,383;7,66;0,97;21,9
2026-04-14;13:00;EST-01;22,98;38,11;28,29;34,46;60,77;1,321;5,6;;170,2
2026-04-14;14:00;EST-01;24,75;35,13;39,35;64,51;76,34;1,087;0;0;
2026-04-14;15:00;EST-01;24,26;34,31;42,87;70,14;75,32;1,142;3,74;2,84;251,3
2026-04-14;16:00;EST-01;27,15;47,8;39,51;45,95;84,53;1,102;0;0;205,5
2026-04-14;17:00;EST-01;26,95;43,81;32,99;61,8;76,53;1,079;4,61;1,4;91,4
2026-04-14;18:00;EST-01;17,6;36,62;26,59;53,48;87,13;1,154;3,89;2,45;332,7
2026-04-14;19:00;EST-01;23,51;39,53;23,67;32,13;85,66;1,248;3,82;4,82;233,4
2026-04-14;20:00;EST-01;23,04;28,93;22,76;33,55;99,52;0,833;6,77;3,46;88
2026-04-14;21:00;EST-01;20,73;47,51;19,98;21,85;82,06;1,046;5,64;2;347
2026-04-14;22:00;EST-01;22,75;48,2;12,26;15,04;84,55;0,304;6,12;2,09;79,9
2026-04-14;23:00;EST-01;28,61;43,66;15,82;23,1;90,07;0,432;2,74;4,09;330,9
2026-04-15;00:00;EST-01;10,36;9,22;23,85;36,6;75,43;0,428;4,03;3,6;70,4
2026-04-15;01:00;EST-01;14,77;25,27;14,84;25,35;67,8;0,467;6,18;3,23;108,6
2026-04-15;02:00;EST-01;17,62;23,18;14,64;30,57;69,29;0,267;3,02;2,8;98,2
2026-04-15;03:00;EST-01;20,08;35,26;19,79;39,09;70,8;0,273;2,19;2,39;248
2026-04-15;04:00;EST-01;13,98;19,72;13,97;14,18;58,11;0,63;4,4;6,21;20,5
2026-04-15;05:00;EST-01;18,01;28,84;19,21;30,38;68,32;0,39;5,72;2,81;264,6
2026-04-15;06:00;EST-01;23,08;44,54;15,71;21,93;42,33;0,411;6,1;1,8;119,4
2026-04-15;07:00;EST-01;21,88;31,88;20,06;34;;0,561;4,31;3,95;216,3
2026-04-15;08:00;EST-01;19,34;36,57;21,08;44,12;43,2;0,999;2,69;5,52;354,5
2026-04-15;09:00;EST-01;18,97;27,22;31,49;52,51;50,26;0,91;5,52;2,7;176,9
2026-04-15;10:00;EST-01;20,75;34,61;36,08;63,44;57,36;1,043;5,5;1,5;9,7
2026-04-15;11:00;EST-01;21,53;26,96;33,74;48,72;59,98;1,165;4,49;3,33;274,1
2026-04-15;12:00;EST-01;27,12;39,03;35,51;55,06;55,98;1,154;2,75;1,71;34,3
2026-04-15;13:00;EST-01;30,93;55,88;37,35;68,06;63,69;1,641;3,54;2,88;119
2026-04-15;14:00;EST-01;27,49;49;34,43;62,42;71,43;1,241;2,18;3,13;233,3
2026-04-15;15:00;EST-01;23,43;32,83;48,02;65,12;;1,082;3,9;3,32;102,6
2026-04-15;16:00;EST-01;28,17;41,2;35,36;42,5;76,28;1,009;;4,1;124,4
2026-04-15;17:00;EST-01;;46,21;35,96;36,25;;1,109;5,25;3,07;289,4
2026-04-15;18:00;EST-01;18,01;24,54;32,82;51,48;79,11;0,853;2,55;1,96;121,9
2026-04-15;19:00;EST-01;17,35;22,82;28,02;29,78;88,62;1,062;1,4;2,19;255,6
2026-04-15;20:00;EST-01;20,33;29,08;30,82;40,69;96,63;;3,31;3,22;99,2
2026-04-15;21:00;EST-01;25,05;36,79;22,62;31,17;93,54;0,543;6,03;3,2;259,4
2026-04-15;22:00;EST-01;24,83;53,14;25,01;46,43;87,83;0,351;0,31;2,88;339,3
2026-04-15;23:00;EST-01;15,51;24,44;21,01;17,79;81,45;0,744;;3,8;337,3
2026-04-16;00:00;EST-01;20,72;39,73;20,05;35,34;73,09;0,621;2,29;2,89;4,5
2026-04-16;01:00;EST-01;;34,14;11,12;4,77;80,41;0,442;6,3;2,43;80,3
2026-04-16;02:00;EST-01;21,86;32,76;16,71;18,21;79,87;0,269;3,33;2,66;105,2
2026-04-16;03:00;EST-01;19,46;40,8;12,89;21,2;48,33;0,408;3,37;1,27;212,3
2026-04-16;04:00;EST-01;17,23;26,5;14,45;4,9;53,21;0,598;0;1,35;201,8
2026-04-16;05:00;EST-01;26,15;46,45;15,14;31,64;51,41;0,669;1,28;4,11;118,9
2026-04-16;06:00;EST-01;15,89;;21,39;25,98;56;0,513;5,24;3,16;182,6
2026-04-16;07:00;EST-01;19,2;31,63;25,16;51,72;56,32;0,843;10,18;3,27;200,5
2026-04-16;08:00;EST-01;24,82;33,65;22,78;27,84;53,89;0,774;4,28;4,13;350,7
2026-04-16;09:00;EST-01;22,39;31,8;33,26;52,76;41,04;;4,33;3,67;300,4
2026-04-16;10:00;EST-01;25,14;43,73;30,32;37,06;;1,003;3,93;0;237,2
2026-04-16;11:00;EST-01;25,05;38,4;;47,08;49,38;0,839;3,3;3,65;306,1
2026-04-16;12:00;EST-01;28,59;36,94;32,5;47,55;61,07;1,227;2,17;2,6;332,7
2026-04-16;13:00;EST-01;29,17;41,83;32,93;24,48;61,09;1,108;1,96;2,75;2,6
2026-04-16;14:00;EST-01;16,96;28,43;30,36;46,39;62,31;1,205;3,43;2,95;
2026-04-16;15:00;EST-01;24,84;30,53;27,27;33,51;;1,095;5,25;2,08;337,5
2026-04-16;16:00;EST-01;24,35;40,32;35,28;64,43;75,99;1,135;4,85;2,46;285,5
2026-04-16;17:00;EST-01;18,63;26,75;26,7;23,57;79,37;;5,17;3,4;199
2026-04-16;18:00;EST-01;22,96;25,59;27,53;;92,27;0,893;6,1;0,23;202,7
2026-04-16;19:00;EST-01;25,87;51,43;30,06;41,75;76,15;0,6;4,26;1,96;258,1
2026-04-16;20:00;EST-01;22,26;36,31;29,72;42,7;97,37;0,801;3,77;4,1;
2026-04-16;21:00;EST-01;32,22;53,81;24,32;38,24;100,58;0,815;0,79;4,61;330,8
2026-04-16;22:00;EST-01;20,43;25,01;22,63;;87,92;0,557;7,85;5,47;137,1
2026-04-16;23:00;EST-01;19,43;28,84;23,46;30,21;81,61;;2,92;2,44;170,5
2026-04-17;00:00;EST-01;21,35;45,81;19,95;39,62;74,92;0,489;2,11;2,16;195,9
2026-04-17;01:00;EST-01;18,54;21,19;8,77;1,22;78,13;0,723;6,72;0;310,9
2026-04-17;02:00;EST-01;21,75;25,52;;27,64;73,3;0,204;5,22;0;185,2
2026-04-17;03:00;EST-01;22,69;36,41;12,85;25,1;70,67;;5,75;4,12;301,4
2026-04-17;04:00;EST-01;19,6;31,89;15,15;11,52;54,27;0,411;4,48;4,66;92,4
2026-04-17;05:00;EST-01;23,19;43,57;16,77;28,24;54,4;0,715;5,27;0,71;140,6
2026-04-17;06:00;EST-01;26,59;41,46;22,24;35,5;46,46;0,677;1,21;1,56;359,2
2026-04-17;07:00;EST-01;22,39;34;24,64;34,02;50,76;;2,55;2,56;51,6
2026-04-17;08:00;EST-01;15,66;19,53;;49,06;42,06;0,569;3,78;4,84;250
2026-04-17;09:00;EST-01;28,26;47,33;29,94;31,24;;0,853;5,73;1,28;
2026-04-17;10:00;EST-01;25,41;39,73;32,02;42,7;48,79;1,241;6,1;1,36;149,6
2026-04-17;11:00;EST-01;;27,86;37,24;38,5;61,42;1,045;3,58;;293,7
2026-04-17;12:00;EST-01;22,16;39,76;34,23;37,87;58,98;1,354;7,35;3,58;75,7
2026-04-17;13:00;EST-01;27,83;49,63;38,29;59,88;67;1,176;2,78;0;327
2026-04-17;14:00;EST-01;26,74;46,14;28,31;44,8;;1,212;3,88;2,96;129,6
2026-04-17;15:00;EST-01;21,77;;30,66;38,55;74,88;1,388;7,6;3,17;
2026-04-17;16:00;EST-01;35,44;54,13;30,8;28,93;88,38;1,292;8,84;;221,4
2026-04-17;17:00;EST-01;25,11;45,01;23,83;45,11;88,86;1,077;5,29;1,35;17,1
2026-04-17;18:00;EST-01;22,15;24,32;34,31;57,57;83,11;1,052;3,47;2,99;158,1
2026-04-17;19:00;EST-01;19,5;37,51;27,27;;89,6;0,765;6,45;3,45;288,6
2026-04-17;20:00;EST-01;26,76;38,9;24,36;32,74;82,26;;6,67;2,86;346,3
2026-04-17;21:00;EST-01;14,74;33,57;21,96;25,57;87,67;0,475;6,85;1,91;351
2026-04-17;22:00;EST-01;20,21;40,91;21,28;36,62;91,64;0,693;4,7;2,15;32,4
2026-04-17;23:00;EST-01;15,54;24,9;18;28,42;81,57;0,564;3,66;0,13;270,5
2026-04-18;00:00;EST-01;14,13;12,21;17,02;27,74;83,16;0,539;0,13;0,46;31,8
2026-04-18;01:00;EST-01;13,95;25,98;;17,31;71,38;0,498;4,27;1,83;346,1
2026-04-18;02:00;EST-01;19,07;23,24;17,14;45;;0,508;3,83;0;30,6
2026-04-18;03:00;EST-01;23,27;32,49;11,84;15,26;58,45;0,23;3,9;1,16;251,3
2026-04-18;04:00;EST-01;15,41;27,79;15,18;19,82;;0,432;3,44;3,21;149,5
2026-04-18;05:00;EST-01;;30,22;14,02;12,74;60,47;0,584;4,91;2,92;226,7
2026-04-18;06:00;EST-01;22,79;42,07;24,56;33,57;61;0,634;5,26;2,92;154
2026-04-18;07:00;EST-01;18,02;33,04;36,64;48,3;51,11;0,63;3,02;4,82;196,2
2026-04-18;08:00;EST-01;20,1;22,64;21,21;16,03;53,79;1,22;3,27;0;104,5
2026-04-18;09:00;EST-01;20,13;40;26,18;31,59;;1,017;3,55;1,75;218,9
2026-04-18;10:00;EST-01;23,42;29,84;31,99;30,49;50,01;1,114;4,61;3,39;140,7
2026-04-18;11:00;EST-01;29,51;;34,3;55,44;60,36;1,017;1,31;3,13;243,3
2026-04-18;12:00;EST-01;29,83;42,1;29,13;44,46;59,57;0,864;4,75;0;73,3
2026-04-18;13:00;EST-01;31,27;;28,58;37,38;65,08;1,454;3,01;1,78;258,3
2026-04-18;14:00;EST-01;24,5;43,53;27,61;37,29;60,04;1,042;5,68;2,43;51,3
2026-04-18;15:00;EST-01;22,87;35,27;36,16;58,49;59,43;1,062;4,32;2,35;69,2
2026-04-18;16:00;EST-01;26,53;40,63;31,03;41,47;86,89;1,037;3,87;2,78;295,2
2026-04-18;17:00;EST-01;23,63;43,56;38,23;53,01;82,88;1,033;3,49;3,78;237,8
2026-04-18;18:00;EST-01;24,94;33,15;25,16;52,38;86,25;0,884;6,86;2,92;298,3
2026-04-18;19:00;EST-01;22,48;34,06;26,74;26,37;88,79;0,948;7,7;2,63;123,4
2026-04-18;20:00;EST-01;21,62;51,04;29,33;34,58;93,55;0,689;1,29;1,98;317,4
2026-04-18;21:00;EST-01;13,48;14,67;22,46;28,18;91,69;0,514;5,43;0,72;24,8
2026-04-18;22:00;EST-01;13,14;14,46;22,09;44,24;89,21;0,684;4,04;0,96;98,6
2026-04-18;23:00;EST-01;14,32;15,25;19,94;18,93;86,06;0,322;4,59;1,77;70,9
2026-04-19;00:00;EST-01;19,83;39,14;12,56;18,04;74,11;0,392;3,48;;209,2
2026-04-19;01:00;EST-01;12,48;;10,06;19,1;65,59;0,208;7,58;1,55;152,3
2026-04-19;02:00;EST-01;20,57;36,89;7,39;8,5;60,29;0,767;0,81;0,93;257,8
2026-04-19;03:00;EST-01;12,15;27,56;27,45;34,63;56,9;0,078;3,51;;220,4
2026-04-19;04:00;EST-01;19,42;33,45;17,96;22,61;53,39;0,553;4,03;3,83;31,6
2026-04-19;05:00;EST-01;13,48;12,97;14,15;11,36;60,39;0,57;6,2;;238,7
2026-04-19;06:00;EST-01;24,8;42,5;20,34;40,32;53,37;0,554;2,32;3,55;304,9
2026-04-19;07:00;EST-01;20,76;;12,56;17,14;50,44;0,587;8,77;2,4;86,9
2026-04-19;08:00;EST-01;22,1;23,35;21,2;37,55;46,23;0,676;6,62;4,51;
2026-04-19;09:00;EST-01;21,21;32,51;23,57;25,04;44,41;0,811;1,93;0,15;284,1
2026-04-19;10:00;EST-01;24,94;50,11;26,66;39,69;;0,962;5,49;3,66;10,5
2026-04-19;11:00;EST-01;23,81;35,94;25,23;28,88;52,13;0,914;4,88;4,29;111,5
2026-04-19;12:00;EST-01;26,6;36,35;32,14;39,47;63,61;1,045;6,02;;300,9
2026-04-19;13:00;EST-01;20,85;34,88;39,14;56,98;78,26;1,401;3,38;2,02;237,2
2026-04-19;14:00;EST-01;22,65;43,23;36,81;53,58;74,12;1,458;4,34;2,33;115,8
2026-04-19;15:00;EST-01;29,73;45,65;34,69;;77,35;0,983;0,92;1,17;174,1
2026-04-19;16:00;EST-01;22,89;;32,82;47,51;72,65;;5,17;3,39;287,4
2026-04-19;17:00;EST-01;25,48;53,95;31,98;39,23;83,1;1,097;3,7;2,45;308,1
2026-04-19;18:00;EST-01;20,15;31,34;;36,31;86,26;1,009;5,78;2,35;11,2
2026-04-19;19:00;EST-01;;36,82;29,47;48,18;93,6;0,992;3,8;2,87;25,6
2026-04-19;20:00;EST-01;19,39;27,26;25,91;39,59;85,06;0,789;3,81;0;7
2026-04-19;21:00;EST-01;20,34;31,57;29,49;31,56;84,37;0,305;3,04;1,91;200
2026-04-19;22:00;EST-01;24,43;44,25;20,39;25,58;93,48;0,597;;0;330,8
2026-04-19;23:00;EST-01;22,19;49,16;18,24;19,41;77,03;0,6;0,47;3,33;300,9
2026-04-20;00:00;EST-01;20,28;31,13;19,16;28,2;;0,731;3,3;3,66;38,1
2026-04-20;01:00;EST-01;23,24;46;15,49;26,16;78,53;0,317;5,09;1,29;128,4
2026-04-20;02:00;EST-01;22,51;41,86;11,47;;66,13;;2;3,04;65,4
2026-04-20;03:00;EST-01;17,78;34,51;13,82;17,64;;0,566;2,47;3,02;92,1
2026-04-20;04:00;EST-01;14,32;19,27;23,25;34,17;53,95;0,499;3,71;7,68;235,9
2026-04-20;05:00;EST-01;17,65;36,76;8,72;12,97;67,82;0,5;;1,91;70,5
2026-04-20;06:00;EST-01;21,5;29,37;16,57;18,73;54,85;0,801;6,1;3,18;167,5
2026-04-20;07:00;EST-01;15,65;28,24;15,68;;52,51;;1,95;2,36;
2026-04-20;08:00;EST-01;26,25;45,64;25,37;29,55;43,57;0,723;4,82;3;308,4
2026-04-20;09:00;EST-01;19,89;39,06;27,98;27,84;64,82;0,899;4,77;3,1;327,5
2026-04-20;10:00;EST-01;21,09;46,47;35,02;;56,14;0,85;6,56;;
2026-04-20;11:00;EST-01;18,27;16,99;33,66;40,65;43,92;1,164;8,24;4,58;4,4
2026-04-20;12:00;EST-01;25,5;46,13;39,27;52,23;60,21;1,192;5,11;2,3;295,1
2026-04-20;13:00;EST-01;26,07;49,99;40,71;60,81;75,14;1,128;7,25;3,31;222,7
2026-04-20;14:00;EST-01;21,23;29,83;37,09;55,11;81,7;1,1;5,81;4,24;338,3
2026-04-20;15:00;EST-01;22,02;43,68;40,81;61,92;76,4;1,22;3,84;3,46;
2026-04-20;16:00;EST-01;22,07;;29,9;43,64;79,84;1,179;5;1,56;24,6
2026-04-20;17:00;EST-01;23,76;35,41;34,48;;79,4;1,23;0,53;4,18;87,4
2026-04-20;18:00;EST-01;22,52;37,79;35,6;;92,53;0,899;3,04;1,3;102,2
2026-04-20;19:00;EST-01;27,67;43,16;21,23;21,06;91,69;1,18;4,79;1,92;9,4
2026-04-20;20:00;EST-01;21,04;31,4;20,21;39,56;74,76;0,92;3,07;1,88;259,3
2026-04-20;21:00;EST-01;18,11;24,89;21,76;33,77;86,67;;;4,42;272,3
2026-04-20;22:00;EST-01;21,8;33,32;16,7;36,8;;0,533;6,19;1,42;330,9
2026-04-20;23:00;EST-01;19,21;30,74;19,23;43,65;86,16;0,16;4,65;2,56;279,1
2026-04-21;00:00;EST-01;20,02;33,5;16,2;22,25;83,68;0,372;2,1;7,04;213,2
2026-04-21;01:00;EST-01;18,54;20,69;15,92;14,83;72,52;;4,94;3,35;133,9
2026-04-21;02:00;EST-01;25,35;33,4;22,64;39,87;73,46;0,272;4,3;1,79;316
2026-04-21;03:00;EST-01;17,14;15,19;20,95;28,68;61,91;0,33;4,72;1,16;350,5
2026-04-21;04:00;EST-01;20,16;35,38;;12,29;60,53;0,234;1,95;1,37;151,5
2026-04-21;05:00;EST-01;17,72;25,67;27,7;41,6;57,89;0,462;2,81;0;84,8
2026-04-21;06:00;EST-01;21,79;33,79;;32,93;43,35;0,512;1,73;5,16;298,3
2026-04-21;07:00;EST-01;12,15;10,36;21,75;26,67;42,74;0,988;4,63;3,21;40,4
2026-04-21;08:00;EST-01;24,89;37,54;23,58;37,9;40,23;1,04;4,36;4,42;172,4
2026-04-21;09:00;EST-01;19,34;23,98;28,84;40,9;;0,751;1,47;2,43;143,1
2026-04-21;10:00;EST-01;21,26;43,29;29,59;51,58;49,48;1,037;3,89;0;41,1
2026-04-21;11:00;EST-01;24,29;43,34;28,31;38,32;50,66;1,268;4,62;3,05;306,2
2026-04-21;12:00;EST-01;30,09;52,74;26,55;31,61;53,98;1,256;4,34;0,41;235,4
2026-04-21;13:00;EST-01;19,89;31,5;26,38;;67,09;;5,7;1,87;356,3
2026-04-21;14:00;EST-01;20,41;26,88;36,67;;69,78;;4,2;0,88;246
2026-04-21;15:00;EST-01;25,94;49,91;34,69;42,42;73,7;0,985;4,81;3,38;356,5
2026-04-21;16:00;EST-01;22,98;35,16;30,78;44,79;82,29;1,138;6,17;1,57;207,3
2026-04-21;17:00;EST-01;26,98;43,1;30,5;62,11;79,24;1,128;2,5;;176,1
2026-04-21;18:00;EST-01;21,29;37,13;31,29;39,67;91,87;1,058;4,43;2,44;328,6
2026-04-21;19:00;EST-01;23,95;38,68;24,38;47,69;83,02;0,968;3,36;5,14;156,5
2026-04-21;20:00;EST-01;19,06;24,68;26,62;26,28;87,13;0,477;4,48;1,75;115,9
2026-04-21;21:00;EST-01;;32,65;26,4;31,35;98,93;0,809;1,98;1,12;116,3
2026-04-21;22:00;EST-01;18,95;29,3;26,36;30,92;87,87;0,743;5,62;2,26;323,9
2026-04-21;23:00;EST-01;12,22;13,21;19,52;26,23;84,59;0,673;1,63;2,15;233,5
2026-04-22;00:00;EST-01;15,72;33,74;20,88;31,56;90,77;;3,98;3,05;14
2026-04-22;01:00;EST-01;19,34;24,3;18,79;34,77;76,81;0,136;2,07;3,35;45,4
2026-04-22;02:00;EST-01;7,22;19,02;15,68;15,4;75,97;0,298;2,62;3,04;163,7
2026-04-22;03:00;EST-01;24,63;41,57;17,65;31,05;57,28;0,51;2,53;2,98;101,2
2026-04-22;04:00;EST-01;20,54;33,57;0,97;2,8;63,85;0,52;3,79;4,96;358,9
2026-04-22;05:00;EST-01;13,79;23,94;20,12;36,52;58,03;0,382;0;1,78;307,6
2026-04-22;06:00;EST-01;18,59;34,55;20,74;39,35;50,91;0,67;5,01;4,75;123,2
2026-04-22;07:00;EST-01;19,13;35,7;30,14;44,12;48,93;0,81;5,74;1,96;204,1
2026-04-22;08:00;EST-01;26,72;54,1;28,71;40,55;49,68;;3,77;2,78;220,5
2026-04-22;09:00;EST-01;28,22;38,32;25,43;36,38;62,63;0,84;2,67;1,67;123,6
2026-04-22;10:00;EST-01;12,75;;43,66;65,85;46,04;0,994;4,13;3,77;81,2
2026-04-22;11:00;EST-01;26,38;38,97;36,01;44,82;49,66;0,819;0,87;1,16;
2026-04-22;12:00;EST-01;26,72;35,55;17,94;16,77;57,17;1,056;7,04;1,58;335,6
2026-04-22;13:00;EST-01;25,79;41,01;30,48;42,21;60,23;1,212;3,53;1,08;77,2
2026-04-22;14:00;EST-01;27,71;41,64;35,73;49,35;64,79;1,211;2,76;1,08;29,5
2026-04-22;15:00;EST-01;24,43;42,49;;63,83;80,49;1,382;5,59;5,28;114,8
2026-04-22;16:00;EST-01;15,22;21,68;36,45;52,24;81,65;1,345;4,76;3,7;67,5
2026-04-22;17:00;EST-01;20,45;42,4;32,58;40,62;80,41;0,985;2,58;0,58;
2026-04-22;18:00;EST-01;23,22;33,59;35,54;52,09;88,91;0,889;;3,04;154,1
2026-04-22;19:00;EST-01;22,66;42,73;27,63;45,02;86,38;0,632;;3,59;253,5
2026-04-22;20:00;EST-01;23,69;35,81;20,97;33,77;92,56;0,716;6,22;1,18;245,6
2026-04-22;21:00;EST-01;27,51;49,23;20,62;31,17;90,25;0,285;2,19;2,42;153
2026-04-22;22:00;EST-01;20,99;40,36;;17,29;89,27;0,551;3,69;2,06;
2026-04-22;23:00;EST-01;10,21;14;17,91;18,83;89,54;0,639;3,9;2,09;100,3
2026-04-23;00:00;EST-01;;;15,4;23,58;84,52;0,269;1,9;0;159,3
2026-04-23;01:00;EST-01;19,14;33,65;8,19;25,75;71,52;0,439;5,71;1,02;245
2026-04-23;02:00;EST-01;18,72;47,09;16,51;35,96;77,23;0,455;2,02;4,09;39,3
2026-04-23;03:00;EST-01;24,54;40,46;2,09;0,2;68,75;0,378;5,43;1,22;
2026-04-23;04:00;EST-01;18,25;29,39;14,6;30,26;54,9;0,501;4,14;;206
2026-04-23;05:00;EST-01;19,22;42,64;20,83;15,35;37,19;0,627;3,81;4,21;116,6
2026-04-23;06:00;EST-01;21,4;39,32;17,76;21,46;52,83;0,681;3,97;3,96;122,9
2026-04-23;07:00;EST-01;15,65;;19,39;22,6;50,29;0,707;3,23;2,47;227,2
2026-04-23;08:00;EST-01;22,7;22,17;34,4;46,99;53,48;0,593;3,06;1,49;354,2
2026-04-23;09:00;EST-01;;37,66;24,34;30,45;49,21;1,096;0,22;0,53;85,6
2026-04-23;10:00;EST-01;19,65;26,57;21,93;24,83;40,59;0,847;6,4;;57,3
2026-04-23;11:00;EST-01;20,82;24,09;26,38;36,58;61,07;1,218;5,26;1,39;225,6
2026-04-23;12:00;EST-01;24,18;37,48;43,85;;58,59;1,328;;;
2026-04-23;13:00;EST-01;24,97;30,38;37,64;58,02;67,87;1,056;4,17;1,15;331
2026-04-23;14:00;EST-01;34,61;55,96;29,06;42,13;61,89;1,02;1,92;1,83;169,6
2026-04-23;15:00;EST-01;;48,22;29,16;36,5;76,81;1,092;;3,16;278,6
2026-04-23;16:00;EST-01;26,37;51,75;32,8;55,36;83,36;0,926;;1,25;104,9
2026-04-23;17:00;EST-01;24,47;42,84;38,35;56,15;81,47;0,771;4,14;2,54;228,6
2026-04-23;18:00;EST-01;32,42;59,32;33,93;39,8;84,24;;2,45;3,25;188,9
2026-04-23;19:00;EST-01;18,68;37,07;28,1;25,51;89,01;0,946;5,95;1,99;113,8
2026-04-23;20:00;EST-01;22,75;28,51;17,92;34,07;97,18;0,848;6,99;4,08;151,8
2026-04-23;21:00;EST-01;17,32;38,1;25,09;32,04;85,31;0,735;0,66;3,55;60,7
2026-04-23;22:00;EST-01;21,48;31,24;18,68;20,09;86,35;0,883;;3,03;181,1
2026-04-23;23:00;EST-01;;42,86;13,78;18,67;73,21;0,686;8,13;2,62;126
2026-04-24;00:00;EST-01;20,97;28,13;13,02;23,24;81,53;0,38;2,7;2,69;149,9
2026-04-24;01:00;EST-01;13,7;19,92;17,04;22,43;;0,562;0;1,83;248,2
2026-04-24;02:00;EST-01;18,59;33,12;20,63;23,19;73,52;0,429;0,58;5,35;162,2
2026-04-24;03:00;EST-01;19,81;34,04;16,72;19,45;69,79;0,18;3,87;1,65;42
2026-04-24;04:00;EST-01;20,25;38,87;14,62;26,72;60,3;0,32;3,48;2,05;199,5
2026-04-24;05:00;EST-01;20,89;34,82;9,98;0,75;58,41;0,395;4,6;3,67;79
2026-04-24;06:00;EST-01;14,35;33,01;;;47,08;0,523;1,62;3,83;114,8
2026-04-24;07:00;EST-01;25,34;;17,2;20,66;;0,678;3,66;3,74;31,7
2026-04-24;08:00;EST-01;26,65;47,56;31,26;43,34;56,08;0,579;5,43;1,34;
2026-04-24;09:00;EST-01;18,54;29,7;23,47;35,86;39,83;0,584;;3,86;257,9
2026-04-24;10:00;EST-01;23,99;44,5;32,1;46,12;59,25;0,89;4,06;2,47;190,2
2026-04-24;11:00;EST-01;23,27;37,67;32,24;36,75;60,67;0,936;3,56;2,06;322,2
2026-04-24;12:00;EST-01;16,99;32,53;30,28;52,15;57,13;1,139;7,83;2,08;124
2026-04-24;13:00;EST-01;26,02;;35,01;55,8;60,71;1,039;2,72;2,65;18,8
2026-04-24;14:00;EST-01;28,84;53,97;30,12;36,3;61,38;1,505;4,61;3,22;161,5
2026-04-24;15:00;EST-01;25,86;44,43;;55,36;89,05;1,044;1,96;1,18;173
2026-04-24;16:00;EST-01;29,63;46,6;33,84;40,85;85,34;;3,48;3,41;145,8
2026-04-24;17:00;EST-01;23,89;38,29;36,05;63,64;87,66;1,203;3,6;1,44;110,1
2026-04-24;18:00;EST-01;;30,96;;39,04;84,26;1,222;4,96;4,56;22,4
2026-04-24;19:00;EST-01;23,36;31,76;27,65;38,81;81,12;0,823;3,35;3,12;234,3
2026-04-24;20:00;EST-01;19,67;34,29;24,09;10,77;87,09;0,962;0,64;2,67;
2026-04-24;21:00;EST-01;17,92;;15,89;35,27;88,82;0,703;6,71;3,49;64
2026-04-24;22:00;EST-01;17,41;30,83;16,88;6,69;87;0,378;7,23;2,77;199,7
2026-04-24;23:00;EST-01;16,38;14,87;12,43;25,53;97,53;0,626;;1,85;356,9
2026-04-25;00:00;EST-01;26,77;41,71;26,92;48,83;69,56;0,354;2,66;2,38;227,6
2026-04-25;01:00;EST-01;30,12;;16,49;28,01;;0,43;1,91;2,66;14,4
2026-04-25;02:00;EST-01;19,31;34,32;22,06;38,38;70,43;0,224;2,8;2,17;52,7
2026-04-25;03:00;EST-01;16,22;20,34;9,4;0;63,41;0,193;2;1,91;128,8
2026-04-25;04:00;EST-01;;36,53;13,59;15,53;63,22;0,346;;4,29;209,7
2026-04-25;05:00;EST-01;21,58;40,08;8,04;22,09;58,21;0,669;4,77;2,57;236,8
2026-04-25;06:00;EST-01;21,47;32,48;24,34;21,38;49,43;0,907;2,75;2,14;27,8
2026-04-25;07:00;EST-01;22,31;31,28;;36,87;;0,815;5,64;4,08;52,3
2026-04-25;08:00;EST-01;34,97;62,27;26,62;30,27;49,42;1,014;7,42;4,72;78,9
2026-04-25;09:00;EST-01;18,01;31,74;21,38;18,03;52,12;0,982;;3,25;334,9
2026-04-25;10:00;EST-01;20,06;31,47;22,46;15,42;57,12;0,887;5,74;4,16;247,6
2026-04-25;11:00;EST-01;27,19;39,54;22,84;32,96;53,03;1,017;7,95;0,21;58,8
2026-04-25;12:00;EST-01;21,48;39,83;35,15;;54,33;1,032;;5,16;11,3
2026-04-25;13:00;EST-01;22,27;37,67;46,8;66,33;73,59;1,075;3,92;3,43;232,6
2026-04-25;14:00;EST-01;22,93;31,84;39,94;65,45;79,07;1,471;4,27;2,03;263,4
2026-04-25;15:00;EST-01;28,72;40,05;29,49;45,22;74,11;1,182;6,15;3,64;266
2026-04-25;16:00;EST-01;17,74;29,9;37,13;39,77;76,07;1,02;4,04;4,94;269,1
2026-04-25;17:00;EST-01;21,57;37,67;34,87;51,91;86,54;1,128;7,38;4,15;39,9
2026-04-25;18:00;EST-01;27,18;48,85;;53,26;88,45;1,03;4,24;0;227,7
2026-04-25;19:00;EST-01;20,36;25,46;34,76;52,7;89,14;0,819;4,59;3,99;359,6
2026-04-25;20:00;EST-01;21,2;33,89;29,34;25,59;89,65;0,736;3,73;1,75;148,4
2026-04-25;21:00;EST-01;28,66;43,91;23,87;49,38;86,02;0,969;4,01;5,17;110,3
2026-04-25;22:00;EST-01;21,23;33,57;16,88;24,24;92,7;0,598;3,37;2,12;282,9
2026-04-25;23:00;EST-01;24,07;;14,59;23,46;93,31;0,689;1,5;2,1;69,4
2026-04-26;00:00;EST-01;17,47;37,57;9,23;0;75,03;0,497;5,24;3,16;71,3
2026-04-26;01:00;EST-01;20,48;39,82;6,53;18,64;73,3;0,523;1,35;2,51;107,2
2026-04-26;02:00;EST-01;22,62;;15,15;12,53;73,03;0,517;6,57;1,7;104,4
2026-04-26;03:00;EST-01;23,58;27,87;18,4;33,43;63,27;0,232;5,89;0,7;238,4
2026-04-26;04:00;EST-01;18,38;;13,21;13,01;60,59;0,605;8,57;0,24;62,9
2026-04-26;05:00;EST-01;14,83;29,83;13,24;13,13;52,32;0,506;4,65;3,23;180,4
2026-04-26;06:00;EST-01;14,68;;19,74;36,92;48,43;0,36;3,93;4,44;138,4
2026-04-26;07:00;EST-01;20,17;27,04;31,2;35,44;46,33;0,782;0,29;;153,6
2026-04-26;08:00;EST-01;25,6;44,3;24,19;25,37;49,16;0,654;4,97;3,71;171
2026-04-26;09:00;EST-01;24,52;44,78;26,1;32,72;;0,846;4,54;0,91;154,5
2026-04-26;10:00;EST-01;26,54;47,79;25,07;40,47;49,48;1,002;6,83;3,71;300,8
2026-04-26;11:00;EST-01;32,46;47,72;27,14;32,22;54,33;0,73;3,59;1,68;264,5
2026-04-26;12:00;EST-01;26,87;39,39;36,61;57,04;55,39;1,072;0;0,86;240,7
2026-04-26;13:00;EST-01;26,16;36,18;32,09;35,13;65,85;1,25;4,8;2,52;224,2
2026-04-26;14:00;EST-01;31,22;40,7;31,9;;;1,211;6,85;3,72;129,7
2026-04-26;15:00;EST-01;28,58;49,57;30,63;49,67;74,21;0,975;4,91;2,83;190,2
2026-04-26;16:00;EST-01;25,31;36,19;36,71;51,05;81;1,2;1,69;;312,8
2026-04-26;17:00;EST-01;27,09;36,07;32,73;48,8;87,76;0,902;3,87;5,01;312,3
2026-04-26;18:00;EST-01;27,95;46,74;24,97;40,71;86,37;1,084;2,73;2,24;321,1
2026-04-26;19:00;EST-01;24,02;41,39;24,69;23,82;99,07;1,277;4,89;0,51;19,3
2026-04-26;20:00;EST-01;24,04;46,51;18,94;25,52;91,18;;3,31;0,15;20,7
2026-04-26;21:00;EST-01;25,46;40,25;24,44;30,42;84,24;0,85;4,77;3,24;358,8
2026-04-26;22:00;EST-01;15,78;21,94;20,79;24,59;92,02;0,572;2,01;2,6;
2026-04-26;23:00;EST-01;22,91;39,02;20,23;30,89;83,01;0,41;4,58;2;342,8
2026-04-27;00:00;EST-01;23,9;42,04;18,23;24,82;72,43;0,421;4,2;2,84;244,8
2026-04-27;01:00;EST-01;21,82;30,76;;28,3;79,8;0,355;3,79;2,35;271
2026-04-27;02:00;EST-01;19,89;47,04;15,95;27,63;59,88;0,327;6,46;3,1;268,1
2026-04-27;03:00;EST-01;22,04;24,6;18,71;41,54;52,85;0,642;0;3,91;315,3
2026-04-27;04:00;EST-01;9,14;17,29;22,09;33,84;63,51;0,392;0,28;3,54;358,4
2026-04-27;05:00;EST-01;23,69;25,98;10,35;;46,3;0,524;4,79;;
2026-04-27;06:00;EST-01;22,4;32,56;19,14;11,19;50,69;0,601;4,34;3,07;237,5
2026-04-27;07:00;EST-01;19,91;33,57;27,42;37,63;52,59;0,669;2,71;3,28;298,9
2026-04-27;08:00;EST-01;23,54;37,84;23,48;30,25;46,95;0,553;;2,85;108,1
2026-04-27;09:00;EST-01;20,91;44,83;25,69;28,96;44,72;0,643;7,07;4,56;57
2026-04-27;10:00;EST-01;20,42;43,53;28,24;37,39;61,3;1,099;8,4;2,87;197,8
2026-04-27;11:00;EST-01;22,38;24,73;30,68;52,11;59,45;1,086;2,01;2,84;204,3
2026-04-27;12:00;EST-01;27,19;44,5;;48,48;41,21;1,204;9,14;0,24;8,5
2026-04-27;13:00;EST-01;25,83;38,56;39,84;59,56;65,74;1,306;;7,27;11
2026-04-27;14:00;EST-01;26,78;32,59;32,28;54,37;61,99;0,876;4,06;4,56;229,4
2026-04-27;15:00;EST-01;24,52;28,08;36,92;56,98;64,49;1,357;;4,2;101,2
2026-04-27;16:00;EST-01;28,08;48,05;38;38,65;70,99;1,036;3,74;3,08;303,4
2026-04-27;17:00;EST-01;29,3;53,77;27,71;;79,06;1,055;4,64;0;302,7
2026-04-27;18:00;EST-01;26,27;38,45;39,64;52,71;88,12;0,927;7,3;2,34;228,8
2026-04-27;19:00;EST-01;27,85;48,07;27,32;47,13;104,55;0,951;4,23;2,76;214,1
2026-04-27;20:00;EST-01;19,6;29,7;17,31;14,77;86,89;0,792;7,54;3,3;202,1
2026-04-27;21:00;EST-01;18,05;37,13;28,04;39,49;86,66;0,865;;3,09;89,8
2026-04-27;22:00;EST-01;19;31,64;16,12;25,85;84,5;0,391;5,4;4,18;53,2
2026-04-27;23:00;EST-01;17,66;22,49;17,18;19,55;78,08;0,801;4,93;3,36;164,1
2026-04-28;00:00;EST-01;21,62;32,11;17,7;22,63;;0,505;3,23;0,51;5,2
2026-04-28;01:00;EST-01;17,32;16,37;17,88;32,75;90,35;0,355;2,92;0,84;287,7
2026-04-28;02:00;EST-01;18,81;25,23;14,13;3,95;75,56;0,284;3,93;0,36;
2026-04-28;03:00;EST-01;17,02;27,16;17,74;36,35;69,22;0,558;6,89;3,35;136,1
2026-04-28;04:00;EST-01;;42,55;19,58;15,78;54,95;0,412;5,56;2,47;209
2026-04-28;05:00;EST-01;24,43;46,29;23,96;25,24;58,75;0,426;0,7;2,07;307,5
2026-04-28;06:00;EST-01;21,84;47,06;20,89;48,82;53,74;0,603;1,44;4,17;56,3
2026-04-28;07:00;EST-01;18,38;37,09;28,2;48,54;48,51;0,689;3,88;3,67;313,6
2026-04-28;08:00;EST-01;23,47;49,41;29,49;39,4;54,97;1,056;8;4,28;315,6
2026-04-28;09:00;EST-01;22,17;38,93;;53,81;;0,911;3,34;2,26;141,4
2026-04-28;10:00;EST-01;30,87;47,96;30,26;35,45;56,98;1,205;7,25;2,81;13,8
2026-04-28;11:00;EST-01;24,21;41,91;33,64;47,56;56,68;1,151;3,41;2,14;119,7
2026-04-28;12:00;EST-01;36,31;50,86;27,36;30,65;59,38;1,281;5,18;;65,9
2026-04-28;13:00;EST-01;23,1;35,49;34,56;35,71;57,86;1,018;5,53;2,87;206,2
2026-04-28;14:00;EST-01;18,64;20,92;38,32;31,41;77,35;0,927;5,69;1,17;41,9
2026-04-28;15:00;EST-01;38,7;48,28;38,14;38,93;77,74;1,155;4,26;1,13;71,2
2026-04-28;16:00;EST-01;19,67;38,92;31,61;33,04;89,57;1,136;7,82;4,33;30,5
2026-04-28;17:00;EST-01;24,49;39,91;39,7;59,08;85,2;1,053;3,9;4,46;0,2
2026-04-28;18:00;EST-01;22,42;32,48;27,23;;82,82;1,225;3,59;3,56;42
2026-04-28;19:00;EST-01;25,31;39,53;25,18;36,7;86,34;0,585;5,84;2,86;65,9
2026-04-28;20:00;EST-01;;20,2;26,12;49,47;91,22;0,593;4,45;2,42;
2026-04-28;21:00;EST-01;23,39;19,51;25,14;27,17;80,79;0,668;4,82;0,04;162,5
2026-04-28;22:00;EST-01;23,05;37,17;15,66;14,09;93,48;0,373;6,13;2,25;234,9
2026-04-28;23:00;EST-01;12,34;18,86;21;18,7;87,13;0,531;2,71;3,78;356,6
2026-04-29;00:00;EST-01;19,92;41,59;23,54;36,07;78,19;0,358;3,39;;71,4
2026-04-29;01:00;EST-01;21,17;46,66;15,03;10,29;67,11;0,53;3,88;3,82;174,9
2026-04-29;02:00;EST-01;21,32;;11,34;12,66;62,82;0,698;3,81;3,47;53
2026-04-29;03:00;EST-01;13,93;20,88;20,85;25,02;59,6;0,437;5;4,96;55,9
2026-04-29;04:00;EST-01;21,11;38,09;10,57;7,1;53,5;0,254;5,59;2,94;183,5
2026-04-29;05:00;EST-01;8,8;26,41;13,46;35,26;47,16;0,395;0;3,04;81,2
2026-04-29;06:00;EST-01;15,71;16,9;23,89;39,13;63,55;;4,44;0,57;13,4
2026-04-29;07:00;EST-01;18,89;33,01;27,5;46,42;45,62;0,846;3,91;2,01;73,7
2026-04-29;08:00;EST-01;;42,07;26,54;38,55;48,43;1,167;6,61;1,42;318,6
2026-04-29;09:00;EST-01;22,18;36,36;24,08;37,23;;0,706;1,74;1,78;10,1
2026-04-29;10:00;EST-01;31,99;57,2;34,72;46,5;50,96;0,782;5,56;3,24;270
2026-04-29;11:00;EST-01;26,47;41,08;31,36;45,27;;0,862;5,47;2,47;348,7
2026-04-29;12:00;EST-01;17,13;26,58;40,9;70,66;62,13;1,441;3,91;3,93;289,6
2026-04-29;13:00;EST-01;23,81;34,02;24,36;44,4;60,97;1,066;1,64;2,19;305,5
2026-04-29;14:00;EST-01;34,38;45,03;33,23;38,24;75,93;1,243;2,73;2,61;191,3
2026-04-29;15:00;EST-01;32,32;54,99;38,01;31,88;74,78;1,499;6,65;0;66,3
2026-04-29;16:00;EST-01;20,66;43,32;34,88;42,69;;0,755;1,83;2,55;153,9
2026-04-29;17:00;EST-01;17,06;25,01;37,12;40,36;85,52;1,093;7,43;2,15;229,7
2026-04-29;18:00;EST-01;27,42;35,91;28,9;36,81;86,49;1,127;5,11;;182,9
2026-04-29;19:00;EST-01;29;41,41;28,31;38,09;88,94;0,659;6,82;1,34;74
2026-04-29;20:00;EST-01;19,51;27,47;31,07;51,44;;0,914;3,42;2,49;104,9
2026-04-29;21:00;EST-01;24,58;35,17;29,84;39,25;89,44;0,81;4,05;2,05;46,2
2026-04-29;22:00;EST-01;23,58;33,74;19,37;27,2;92,51;0,585;7,62;2,27;285,6
2026-04-29;23:00;EST-01;18,49;21,68;12,75;13,6;90,96;0,512;3,03;4,34;
2026-04-30;00:00;EST-01;23,56;32,57;13,86;33,92;81,45;0,413;5,44;4,01;192,3
2026-04-30;01:00;EST-01;;35,98;9,54;13,45;68,49;0,266;2,87;3,22;281,8
2026-04-30;02:00;EST-01;15,41;24,96;9,27;16,4;76,79;0,388;3,59;3,06;39,3
2026-04-30;03:00;EST-01;20,28;51,07;14,73;19,67;69,29;0,66;5,95;0;327,9
2026-04-30;04:00;EST-01;28,82;49,85;10,57;17,05;52,32;0,639;2,09;2,61;106,3
2026-04-30;05:00;EST-01;16,99;36,09;18,45;21,35;48,99;;1,5;2,67;256,6
2026-04-30;06:00;EST-01;17,76;37,84;16,41;21,07;46,2;0,749;8,2;0;144,5
2026-04-30;07:00;EST-01;26,02;32,96;25,25;45,12;51,15;0,779;7,52;5,42;272,7
2026-04-30;08:00;EST-01;19,87;26,27;29,88;30,86;48,48;0,815;2,99;2,92;356,8
2026-04-30;09:00;EST-01;22,55;33,47;32,66;47,65;59,32;0,928;3,5;0;134,7
2026-04-30;10:00;EST-01;16,66;28,93;23,19;42,51;52,86;0,963;2,31;3,43;16,8
2026-04-30;11:00;EST-01;20,89;40,55;33,84;45,5;59,71;1,084;4,77;1,27;263,4
2026-04-30;12:00;EST-01;23,15;46,37;32,72;52,26;64,41;1,318;2,32;4,11;359,8
2026-04-30;13:00;EST-01;27,25;42,05;34,83;44,58;62,75;1,443;1,99;1,09;161,5
2026-04-30;14:00;EST-01;28,5;58,32;;46,86;66,04;1,221;0,45;3,53;186,5
2026-04-30;15:00;EST-01;25,63;38,67;30,19;48,08;68,15;1,263;8,15;4,73;302,4
2026-04-30;16:00;EST-01;23,32;39,84;33,31;35,44;82,31;1,145;7,83;2,12;127
2026-04-30;17:00;EST-01;19,76;25,45;35,68;58,62;78,4;1,086;;2,23;251,8
2026-04-30;18:00;EST-01;22,26;34,12;24,35;28,9;97,87;1,011;2;2,03;295,5
2026-04-30;19:00;EST-01;18,98;38,53;26,88;52,75;88,75;0,898;5,28;0;184,9
2026-04-30;20:00;EST-01;;43,8;29,82;32,68;97,45;0,761;2,19;2,8;6,3
2026-04-30;21:00;EST-01;27,12;45,43;;;95,88;0,814;6,84;3,41;3,6
2026-04-30;22:00;EST-01;24,96;;20,17;;97,05;0,599;3,09;4,69;88,2
2026-04-30;23:00;EST-01;20,43;;19,59;27,25;80,16;0,537;4,53;1,94;209,9
2026-04-01;00:00;EST-02;29,69;53,33;19,96;33,99;72,47;0,268;;2,72;43,9
2026-04-01;01:00;EST-02;29,97;52,21;21,59;31,53;61,15;0,153;2,25;2,43;36
2026-04-01;02:00;EST-02;21,82;33,43;18,92;21,2;59,95;0,659;5,32;1,66;187,5
2026-04-01;03:00;EST-02;24,02;33,83;16,5;31,18;;0,249;3,91;2,68;305,9
2026-04-01;04:00;EST-02;24,37;44,2;23,6;50,87;59,51;0,671;9,6;;183,6
2026-04-01;05:00;EST-02;29,07;43,15;23,47;27,67;50,25;0,419;2,63;3,12;319,6
2026-04-01;06:00;EST-02;18,29;20,53;19,26;19,91;47,17;0,633;6,13;;162,4
2026-04-01;07:00;EST-02;29,4;48,3;32,91;53,43;44,94;0,887;0;2,06;200,4
2026-04-01;08:00;EST-02;32,61;61,61;22,75;43,14;34,97;0,629;3,53;2,02;218,2
2026-04-01;09:00;EST-02;;54,69;37,86;49,53;42,44;0,899;7,38;;302,6
2026-04-01;10:00;EST-02;;41,52;33,71;46,18;40,73;1,01;5,26;2,15;12,4
2026-04-01;11:00;EST-02;30,17;48,22;28,37;43,41;45,15;1,272;5,18;4,26;351,7
2026-04-01;12:00;EST-02;29,98;40,51;35,13;59,2;60,92;0,974;3,08;;34,2
2026-04-01;13:00;EST-02;24,82;30,1;42,11;43,36;54,14;1,211;4,83;2,29;327,6
2026-04-01;14:00;EST-02;35,38;58,32;36,76;51,77;;1,458;5,57;4,32;327,6
2026-04-01;15:00;EST-02;29,77;46,21;38,94;46,45;74,77;1,319;3,39;3,46;209,9
2026-04-01;16:00;EST-02;34,34;46,88;37,93;52,64;75,74;1,052;0;0,88;137
2026-04-01;17:00;EST-02;31,08;59,84;39,98;56,63;75,95;1,248;2,82;2,29;304,7
2026-04-01;18:00;EST-02;35,68;59,44;31,46;43,13;82,38;0,962;2,93;1,52;56,9
2026-04-01;19:00;EST-02;27,6;41,44;25,91;36,89;80,23;0,855;4,4;3,62;152,8
2026-04-01;20:00;EST-02;30,21;46,89;27,17;29,68;78,44;0,803;2,43;2,64;68,4
2026-04-01;21:00;EST-02;20,32;37,43;;28,36;74,76;0,76;6,75;;5,4
2026-04-01;22:00;EST-02;30,29;37,6;34,83;68,32;63,08;0,585;;2,1;58,4
2026-04-01;23:00;EST-02;;44,79;18,37;24,35;;0,34;0,71;5,49;216,4
2026-04-02;00:00;EST-02;23,99;35,99;24,08;47,89;75,48;0,226;1,23;1,9;50,2
2026-04-02;01:00;EST-02;17,25;32,51;14,91;32,82;78,1;0,376;4,88;0,65;116,9
2026-04-02;02:00;EST-02;22,01;28,69;18,55;22,25;60,05;0,542;2,43;5,1;157,6
2026-04-02;03:00;EST-02;30,6;42,86;;24,55;54,76;0,534;7;4,29;234,8
2026-04-02;04:00;EST-02;25,27;35,74;16,38;;49,37;0,491;;2,43;224
2026-04-02;05:00;EST-02;29,66;43,94;;;33,95;0,684;3,57;5,25;341,1
2026-04-02;06:00;EST-02;29,67;46,87;23,34;21,72;48,25;0,701;7,57;4,01;355,4
2026-04-02;07:00;EST-02;22,95;28,51;34,78;42,46;51,56;0,775;4,66;;214
2026-04-02;08:00;EST-02;27,94;42,49;33,48;45,72;37,21;0,89;3,87;3,23;111,2
2026-04-02;09:00;EST-02;24,2;49,13;;63,52;40,35;0,858;6,76;1,97;202,8
2026-04-02;10:00;EST-02;37,49;;43,84;50,19;47,79;1,311;4,06;2,1;260,5
2026-04-02;11:00;EST-02;35,16;51,63;36,6;41,36;57,2;1,256;3,94;0,77;171,8
2026-04-02;12:00;EST-02;30;41,37;29,85;36,62;43,27;;5,49;1,94;34,5
2026-04-02;13:00;EST-02;28,97;46,74;49,26;66,18;59,13;0,952;7,04;1,78;202
2026-04-02;14:00;EST-02;31,51;54,08;43,36;57,08;68,55;1,086;5,56;1,91;275,9
2026-04-02;15:00;EST-02;30,02;48,33;34,29;49,98;67,44;1,105;3,89;2,7;326,5
2026-04-02;16:00;EST-02;30,95;43,49;50,39;79,02;;1,322;0,04;0;324,6
2026-04-02;17:00;EST-02;25,31;39,08;38,1;60,7;69,31;1,143;4,03;3,02;26,5
2026-04-02;18:00;EST-02;35,53;;43,87;55,1;83,78;0,991;3,34;3,45;199,2
2026-04-02;19:00;EST-02;18,39;11,04;38,95;64,37;92,64;0,901;1,41;1,87;0,3
2026-04-02;20:00;EST-02;23,97;;;61,5;81,93;0,606;7,09;2,61;333,6
2026-04-02;21:00;EST-02;28,89;42,71;28,15;27,86;87,84;0,681;6,32;2,2;105
2026-04-02;22:00;EST-02;;38,4;20,62;24,98;79,33;0,618;0,59;2,15;210,2
2026-04-02;23:00;EST-02;23,66;36,5;23,74;32,23;69,96;0,512;5,99;0,92;341,1
2026-04-03;00:00;EST-02;19,01;36,06;20,88;22,43;72,55;0,273;1,93;0,31;357,6
2026-04-03;01:00;EST-02;29,57;42,91;22,67;25,05;71,73;0,26;4,08;2,58;268,4
2026-04-03;02:00;EST-02;26,52;38,88;23,43;49,9;52,22;0,274;3,53;1,87;
2026-04-03;03:00;EST-02;18,92;38,69;13,23;16,92;63,1;0,409;;0,48;97,4
2026-04-03;04:00;EST-02;21,51;35,64;14,33;26,57;52,69;0,482;6,88;1,84;191,3
2026-04-03;05:00;EST-02;22,98;35,61;22,47;24,82;35,72;0,433;;2,7;344
2026-04-03;06:00;EST-02;33,82;58,67;31,91;50,81;54,94;;5,9;3,56;239,6
2026-04-03;07:00;EST-02;26,8;40,85;30,52;36,96;41,53;0,343;7,45;2,17;151,9
2026-04-03;08:00;EST-02;33,83;;37,22;42,18;56,38;0,963;4,42;4,64;216,3
2026-04-03;09:00;EST-02;27,88;53,27;23,25;37,04;45,87;1,199;0,83;4,91;69,5
2026-04-03;10:00;EST-02;28,21;37,81;29,56;44,61;38,01;1,111;2,67;0,68;
2026-04-03;11:00;EST-02;32,18;49,82;37,24;57,71;54,35;1,036;1,91;2,61;41,6
2026-04-03;12:00;EST-02;25,62;35,65;;47,43;47,43;1,252;0,79;0,13;145
2026-04-03;13:00;EST-02;31,16;41,13;36,63;48,07;54,46;1,209;2,68;4,72;286,6
2026-04-03;14:00;EST-02;28,77;46,6;40,62;66,59;58,4;1,315;4,08;4,74;218,3
2026-04-03;15:00;EST-02;32,65;50,67;42,19;57,63;77,26;1,198;3,19;1,81;216,5
2026-04-03;16:00;EST-02;33,69;48,98;44,15;51,47;72,76;1,319;0;5,53;188,6
2026-04-03;17:00;EST-02;31,39;53,66;40,7;59,17;82,13;1,161;7,52;3,28;79,9
2026-04-03;18:00;EST-02;33,6;42,93;48,06;62,68;88,29;1,004;6,12;1,47;204,9
2026-04-03;19:00;EST-02;28,02;54,31;;56,18;68,33;0,891;4,82;2,84;216,3
2026-04-03;20:00;EST-02;26,54;42,75;35,91;32,04;85,54;0,75;2,18;3;256,2
2026-04-03;21:00;EST-02;31,12;48,98;31,79;51,45;80,79;0,593;2,73;3,76;226,4
2026-04-03;22:00;EST-02;;24,8;29,16;36,45;81,3;0,786;;2,43;141,3
2026-04-03;23:00;EST-02;26,69;50,14;16,28;27,35;82,33;0,489;3,73;3,13;328,9
2026-04-04;00:00;EST-02;26,87;46,35;16,43;30,92;79;0,482;1,01;2,33;232,6
2026-04-04;01:00;EST-02;19,56;29,13;13,29;23,47;68,17;0,167;4,7;2,42;171,8
2026-04-04;02:00;EST-02;22,43;31,09;16,15;18,3;62,11;0,422;3,62;1,87;144,9
2026-04-04;03:00;EST-02;34,17;50,04;17,55;50,92;59,35;0,207;5,69;1,13;13,3
2026-04-04;04:00;EST-02;23,69;35,27;29,39;45,67;;0,519;3,11;3,42;76,2
2026-04-04;05:00;EST-02;25,71;51,95;27,18;39,75;49,37;0,538;1,5;2,36;324,7
2026-04-04;06:00;EST-02;24,34;40,96;25,11;41,34;48,66;0,625;1,27;5,19;95,2
2026-04-04;07:00;EST-02;26,64;40,57;24,97;47,31;51;0,763;3,78;3,43;50,9
2026-04-04;08:00;EST-02;27,24;45,61;27,79;40,93;43,23;0,89;2,76;3,57;61
2026-04-04;09:00;EST-02;26,75;39,62;27,23;46,24;;0,799;6,51;1,64;52,5
2026-04-04;10:00;EST-02;25,95;46,52;39,23;60,84;;1,011;2,95;1,28;42,9
2026-04-04;11:00;EST-02;33,89;50,06;37,27;49,78;41,09;1,109;3,17;1,07;
2026-04-04;12:00;EST-02;25,21;38,11;38,23;46,53;55,9;1,137;5,15;2,23;195,1
2026-04-04;13:00;EST-02;32,32;44,14;42,36;51,8;;1,136;;0,82;214,2
2026-04-04;14:00;EST-02;33,52;60,66;48,33;68;73,03;1,157;6,2;1,09;101,8
2026-04-04;15:00;EST-02;22,5;29,27;41,99;48,29;69,74;1,322;3;1,05;233,2
2026-04-04;16:00;EST-02;27,6;43,55;39,17;52,39;;1,038;6,78;0,94;316,8
2026-04-04;17:00;EST-02;35,56;63,69;34,97;53,4;78,67;1,002;5,23;5,29;113,1
2026-04-04;18:00;EST-02;32,27;;;42,45;73,22;0,912;8,32;2,12;173,6
2026-04-04;19:00;EST-02;33,65;48,15;30,35;52,48;81,58;0,669;5,09;1,91;215,3
2026-04-04;20:00;EST-02;;47,23;38,88;47,62;;0,858;2,29;2,91;152,8
2026-04-04;21:00;EST-02;25,98;41,87;27,77;40,19;77,73;;3,76;2,43;57,9
2026-04-04;22:00;EST-02;;32,78;;27,65;74,18;0,844;4,04;2,77;8,7
2026-04-04;23:00;EST-02;25,11;32,88;22,08;23,42;74,48;;1,74;4,7;223,7
2026-04-05;00:00;EST-02;29,81;56,03;;30,96;65,78;0,626;4,13;6,24;242,1
2026-04-05;01:00;EST-02;32,03;50,3;27,02;51,4;61,04;0,341;;0,66;281
2026-04-05;02:00;EST-02;23,21;37,46;22,78;17,03;69,72;0,348;5,06;3,43;346,2
2026-04-05;03:00;EST-02;23,72;;20,63;30,48;50,62;0,436;3,28;0,49;198,3
2026-04-05;04:00;EST-02;22,28;33,21;19,03;36,52;51,75;0,465;3,12;3,19;79,6
2026-04-05;05:00;EST-02;27,76;48,54;25,96;25,3;42,6;0,486;2,55;0,9;43,3
2026-04-05;06:00;EST-02;20,61;31,44;24,65;28,17;45,15;0,535;6,18;2,26;342
2026-04-05;07:00;EST-02;27,78;36,03;26,96;27,86;42,03;0,585;4,76;0,49;93,1
2026-04-05;08:00;EST-02;18,24;32,61;34,54;42,24;42,11;0,828;7,09;0,28;158,2
2026-04-05;09:00;EST-02;40,25;62,77;23,13;27,73;26,07;0,94;5,62;1,13;145,6
2026-04-05;10:00;EST-02;33,69;43,41;28,39;37,92;40,17;0,956;1,47;2,82;23,5
2026-04-05;11:00;EST-02;33,03;54,04;38,1;41,78;50,81;1,033;3,67;4,07;105,8
2026-04-05;12:00;EST-02;36,87;67,66;42,42;51,55;38,88;1,308;4,22;1,38;
2026-04-05;13:00;EST-02;28,42;42,92;42,28;50,29;56,17;1,35;4,42;4,37;41,9
2026-04-05;14:00;EST-02;32,03;37,23;34,47;54,37;52,7;1,151;4,68;;
2026-04-05;15:00;EST-02;29,29;46,55;41,41;56,75;73,47;1,066;4,24;3,17;14,6
2026-04-05;16:00;EST-02;34,82;56,61;42,6;61,2;74,26;1,052;2,74;4,34;235,5
2026-04-05;17:00;EST-02;26,74;43,86;25,2;30,69;81,91;1,064;;0;62,6
2026-04-05;18:00;EST-02;31,35;52,96;39,81;54,05;78,33;0,8;3,59;0,61;358,9
2026-04-05;19:00;EST-02;24,69;48,56;31,24;;78,24;0,635;5,87;0;132,7
2026-04-05;20:00;EST-02;27,78;45,83;26,37;22,21;77,19;0,688;2,45;3,96;208
2026-04-05;21:00;EST-02;28,17;46,02;32,21;44,03;86,07;0,671;4,87;0,25;134,3
2026-04-05;22:00;EST-02;27,51;46,6;27,38;34,13;88,26;0,531;4,84;3,39;299,1
2026-04-05;23:00;EST-02;23,9;34,33;15,44;34,03;;0,585;10,23;2,99;42,4
2026-04-06;00:00;EST-02;23,75;32,15;19,36;23,88;68,48;0,245;7,19;2,95;142,8
2026-04-06;01:00;EST-02;27,17;46,29;21,72;;67,98;0,514;5,51;2,74;283,2
2026-04-06;02:00;EST-02;30,12;45,33;21,96;34,05;58,34;0,279;3,29;1,76;305,5
2026-04-06;03:00;EST-02;21,53;36,05;26,67;41,77;41,23;0,51;2,88;3,18;91,7
2026-04-06;04:00;EST-02;23,77;;21,23;40,47;51,88;0,616;5,88;3,5;33,3
2026-04-06;05:00;EST-02;29,64;44,67;26,51;29,33;40,75;0,814;;4,22;274,8
2026-04-06;06:00;EST-02;24,32;38,64;18,49;25,78;38,18;0,541;5,85;2,88;86,1
2026-04-06;07:00;EST-02;30,37;48,55;24,7;40,55;41,68;0,522;7,7;2,47;136,6
2026-04-06;08:00;EST-02;26,38;49,29;27,38;25,97;37,93;0,999;5,66;2,12;122,2
2026-04-06;09:00;EST-02;32,03;49,64;31,76;47,1;37,69;0,904;4,62;0;199,5
2026-04-06;10:00;EST-02;28,79;52,23;25,78;33,04;41,79;1,144;3,91;5,19;74,5
2026-04-06;11:00;EST-02;29,19;48,14;35,3;56,3;39,86;0,959;4,91;4,34;217,3
2026-04-06;12:00;EST-02;36,96;58,3;;16,92;42,82;1,143;3,87;3,45;216
2026-04-06;13:00;EST-02;27,43;41,41;39,83;57,6;52,09;1,322;2,76;1,2;209,2
2026-04-06;14:00;EST-02;36,3;57,28;36,53;58,55;74,86;1,231;6,47;4,05;14
2026-04-06;15:00;EST-02;31,97;43,46;38,63;49,08;64,76;1,074;3,43;3,3;94,1
2026-04-06;16:00;EST-02;24,01;33,93;31,06;45,44;75,02;1,185;2,43;2,87;10,6
2026-04-06;17:00;EST-02;26,28;46,49;41,16;65,22;72,49;1,26;3,01;3,48;
2026-04-06;18:00;EST-02;29,1;32,04;33,49;47,62;76,86;1,263;1,68;1,65;109,8
2026-04-06;19:00;EST-02;26,78;49,04;39,98;50,36;76,98;0,73;6,61;4,18;183,2
2026-04-06;20:00;EST-02;;28,02;;47,59;69,6;0,752;7,24;;18,3
2026-04-06;21:00;EST-02;29,56;40,79;25,95;35,3;75,6;0,551;7,01;1,03;66,6
2026-04-06;22:00;EST-02;24,25;38,65;27,81;34,14;82,73;0,293;;0;110
2026-04-06;23:00;EST-02;28,59;49,48;16,44;13,65;72,01;0,545;0;2,48;335,8
2026-04-07;00:00;EST-02;;40,6;22,46;27,11;60,38;0,474;2,09;1,63;244
2026-04-07;01:00;EST-02;29,81;47,46;23,11;20,8;68,65;0,405;;1,69;57,9
2026-04-07;02:00;EST-02;28,24;44,62;14,46;40,65;55,53;0,39;4,69;2,9;5,1
2026-04-07;03:00;EST-02;23,4;36,03;14,76;37,87;55,5;0,503;3,33;1,97;333,7
2026-04-07;04:00;EST-02;18,34;28,37;19,3;36,4;44,82;0,367;2,2;4,66;311
2026-04-07;05:00;EST-02;27,42;49,69;22,2;20,06;39,67;0,646;1,48;3,09;
2026-04-07;06:00;EST-02;27,51;46,84;20,33;20,66;48,97;0,506;0;3,47;259,1
2026-04-07;07:00;EST-02;28,83;54,49;27,5;46,46;43,6;0,935;1,88;2,49;70,3
2026-04-07;08:00;EST-02;27,24;50,49;27,84;55,53;54,73;0,842;5,11;4,29;213
2026-04-07;09:00;EST-02;23,79;45,6;33,96;45,73;42,75;0,546;3,62;1,37;30,1
2026-04-07;10:00;EST-02;33,98;57,83;;39,79;48,22;1,094;6,49;5,68;352,1
2026-04-07;11:00;EST-02;29,27;42,39;;53,21;46,45;1,237;1,8;0,94;207,8
2026-04-07;12:00;EST-02;30,02;40,66;38,42;52,46;47,28;1,277;3,88;4,09;56,4
2026-04-07;13:00;EST-02;31,77;47,45;39,62;61,17;54,36;1,264;2,37;3,64;354,5
2026-04-07;14:00;EST-02;35,41;57,02;47,6;57,41;53,14;1,108;1,23;0,43;207,9
2026-04-07;15:00;EST-02;31,85;48,08;;48,04;77,08;1,076;1,36;;95,2
2026-04-07;16:00;EST-02;39,62;60,23;42,89;68,7;68,87;1,035;5,48;3,36;64,7
2026-04-07;17:00;EST-02;26,31;26,88;40,05;;75,17;0,829;1,8;1,78;106,5
2026-04-07;18:00;EST-02;30,47;52,25;46,35;64,73;86,01;0,876;0,65;1,97;261,1
2026-04-07;19:00;EST-02;29,09;41,87;22,82;45,83;78,09;0,658;5,8;1,41;219,2
2026-04-07;20:00;EST-02;25,07;36,86;31,72;49,16;86,61;0,787;5,06;3,62;
2026-04-07;21:00;EST-02;26,39;33,56;30,41;42,91;78,84;0,888;1,14;4,97;92,1
2026-04-07;22:00;EST-02;27,27;41,26;16,66;22,21;81,33;0,701;;0;350,5
2026-04-07;23:00;EST-02;33,38;46,85;30,06;34,62;75,05;0,611;2,36;4,89;137,3
2026-04-08;00:00;EST-02;26,38;40,6;24,63;47,12;71,21;0,713;2,78;3,65;194,3
2026-04-08;01:00;EST-02;19,86;33,06;20,38;21,7;69,32;0,436;3,85;2,4;183,4
2026-04-08;02:00;EST-02;22,53;36,89;16,78;44,75;53,54;0,312;2,99;5,56;41
2026-04-08;03:00;EST-02;25,84;42,83;22,01;40,7;64,12;0,346;4,39;0;93,3
2026-04-08;04:00;EST-02;21,36;33,06;12,91;21,32;41,82;0,476;1,55;1,23;350,4
2026-04-08;05:00;EST-02;;50,93;30,73;36,84;56,85;0,297;5,49;1,76;111,8
2026-04-08;06:00;EST-02;28,46;51,2;29,58;43,13;45,47;0,679;4,61;3,31;236
2026-04-08;07:00;EST-02;30,34;38,77;26,76;26,39;44,34;0,943;3,05;2,69;240,6
2026-04-08;08:00;EST-02;19,73;28,43;31,82;21,38;36,14;0,965;6,01;3,06;26,3
2026-04-08;09:00;EST-02;29,9;51,17;31,01;44,34;38,89;1,093;7,04;;276,1
2026-04-08;10:00;EST-02;26,18;49,56;37,72;;40,88;1,064;1,83;3,45;70,1
2026-04-08;11:00;EST-02;37,35;64,02;30,16;43,8;60,7;0,953;3,88;4,62;152,1
2026-04-08;12:00;EST-02;41,38;61,82;33,71;56,99;44,82;1,117;3,87;4,05;60,4
2026-04-08;13:00;EST-02;33,69;51,49;45,73;96,23;60,97;1,201;1,4;1,54;242,5
2026-04-08;14:00;EST-02;29,86;47,68;;78,42;;1,019;6,67;2,43;
2026-04-08;15:00;EST-02;34,71;61,7;27,53;31,95;66,51;1,297;2,97;1,25;73,7
2026-04-08;16:00;EST-02;29,59;50,6;33,1;35,53;76,53;1,184;5,84;1,7;337,9
2026-04-08;17:00;EST-02;36,27;48,9;43,33;71,22;81,3;0,98;2,37;2,18;28,9
2026-04-08;18:00;EST-02;26,15;45,71;38,25;45,15;83,38;1,068;7,02;3,35;203,9
2026-04-08;19:00;EST-02;30,94;55,39;26,15;35,64;81,08;0,867;4,89;3,45;325,4
2026-04-08;20:00;EST-02;27,29;39,25;35,49;52,48;75,89;0,771;0,51;2,55;61,8
2026-04-08;21:00;EST-02;24,67;48,97;21,63;35,93;94,44;0,858;3,94;0,8;42,1
2026-04-08;22:00;EST-02;24,35;34,84;21,4;27,35;78,71;0,673;1,52;1,48;147,3
2026-04-08;23:00;EST-02;24,39;50,04;24,09;20,82;;0,599;3,75;0,68;209,8
2026-04-09;00:00;EST-02;20,26;36,37;;36,08;82,24;0,538;2,88;4,16;197
2026-04-09;01:00;EST-02;24,79;31,91;15,17;21,66;69,38;0,158;4,99;1,27;297,1
2026-04-09;02:00;EST-02;22,59;29,41;20,38;21,2;69,61;0,4;3,7;3,39;32
2026-04-09;03:00;EST-02;18,98;32,82;14,84;11,98;61,84;0,492;1,49;1,57;348
2026-04-09;04:00;EST-02;31,64;56,06;19,24;31,54;43,86;0,353;4,21;3,18;317,6
2026-04-09;05:00;EST-02;26,16;42,33;22,11;28,59;45,3;0,552;4,82;2,8;110,8
2026-04-09;06:00;EST-02;22;37,6;32,36;46,52;42,21;;1,73;4,46;55,1
2026-04-09;07:00;EST-02;24,29;37,86;24,78;45,18;41,47;0,72;5,15;1,39;236
2026-04-09;08:00;EST-02;29,1;;31,26;43,4;42,78;0,805;4,52;4,51;161,3
2026-04-09;09:00;EST-02;27,67;;34,99;52,67;59,2;;;2,04;291,9
2026-04-09;10:00;EST-02;28,74;;37,03;55,07;43,39;0,944;3,64;3,59;287,7
2026-04-09;11:00;EST-02;26,8;47,46;33,82;51,1;46,71;1,318;3,16;2,77;329,2
2026-04-09;12:00;EST-02;27,97;44,31;37,33;48,15;49,36;1,313;2,8;3,35;205
2026-04-09;13:00;EST-02;26,28;45,16;32,59;50,65;53,78;1,188;1,41;2,68;202,4
2026-04-09;14:00;EST-02;28,77;42,39;42,27;63,02;;1,502;5,06;3,55;49
2026-04-09;15:00;EST-02;24,44;43,16;36,83;55,92;65,86;1,222;2,45;3,8;266,1
2026-04-09;16:00;EST-02;40,45;78,14;46,82;;71,49;1,321;3,81;0,17;350,7
2026-04-09;17:00;EST-02;35,34;56,36;30,95;38,63;65,22;1,225;0,79;2,93;287,7
2026-04-09;18:00;EST-02;24,29;40,3;33,33;53,37;71,71;0,886;0;0;312,2
2026-04-09;19:00;EST-02;37,37;60,35;28,47;37,47;86,56;0,826;4,48;2,48;339,7
2026-04-09;20:00;EST-02;25,9;43,19;25,12;38,78;79,17;0,819;6,77;2,25;210,3
2026-04-09;21:00;EST-02;19,8;28,85;27,55;53,96;69,56;0,682;6,91;1,32;229,5
2026-04-09;22:00;EST-02;27,33;44,83;32,83;49,55;87,29;0,546;2,52;2,16;153,7
2026-04-09;23:00;EST-02;27,11;41,05;19,57;31,39;69,28;0,633;3,04;4,24;268,3
2026-04-10;00:00;EST-02;25,12;43,99;22,24;37,08;72,66;0,204;6,02;2,37;205,6
2026-04-10;01:00;EST-02;26,9;38,4;15,77;27,32;65,36;0,554;3,64;4,04;17,7
2026-04-10;02:00;EST-02;25,15;38;21,16;39,17;61,67;0,48;4,09;2,69;38,8
2026-04-10;03:00;EST-02;28,94;46,79;21,41;24,36;55,79;0,46;5,7;;115
2026-04-10;04:00;EST-02;28,44;44,98;16,4;33,66;60,78;0,493;5,42;3,65;352,7
2026-04-10;05:00;EST-02;28,08;36,97;32,98;54,69;44,8;0,363;5,01;2,08;100,3
2026-04-10;06:00;EST-02;28,97;42,96;19,42;30,27;41,48;0,622;1,31;2,12;24,1
2026-04-10;07:00;EST-02;29,39;42,29;21,57;30,32;46,05;0,757;2,98;2,95;249,7
2026-04-10;08:00;EST-02;28,82;36,31;31,02;59,77;34,28;0,804;3,55;2,64;11,5
2026-04-10;09:00;EST-02;33,6;54,26;38,97;53,62;40,58;0,803;0,37;2,91;129,1
2026-04-10;10:00;EST-02;31,83;55,05;32,93;44,15;50,59;1,301;6,98;3,71;46,3
2026-04-10;11:00;EST-02;31,67;46,15;29,83;32,75;48,16;1,039;1,06;;9,6
2026-04-10;12:00;EST-02;26,77;40,62;37,06;46,94;57,56;0,861;0,03;2,5;182,4
2026-04-10;13:00;EST-02;;;35,07;49,04;54,17;1,419;3,35;2,42;173
2026-04-10;14:00;EST-02;31,22;53,29;43,23;;63,74;1,229;4,2;1,64;61,3
2026-04-10;15:00;EST-02;39,98;;41,18;64,5;61,96;1,147;5,9;4,73;149
2026-04-10;16:00;EST-02;29,53;60,34;39,14;69,39;73,24;1,183;3,39;3,91;214,4
2026-04-10;17:00;EST-02;26,69;40,59;41,65;57,27;73,18;1,234;6,21;1,83;28,5
2026-04-10;18:00;EST-02;25,17;34,89;35,62;50,12;;0,893;1,87;3,18;311,9
2026-04-10;19:00;EST-02;24,99;28,8;34,68;34,13;81,51;1,149;7,35;0;237,3
2026-04-10;20:00;EST-02;24,04;31,31;29,43;51,03;85,6;0,693;5,41;0;171,9
2026-04-10;21:00;EST-02;23,67;38,34;26,4;35,82;80,27;0,7;5,08;2,72;197,9
2026-04-10;22:00;EST-02;27,61;49,13;22,22;30,63;86,29;0,435;7,61;0,49;341,6
2026-04-10;23:00;EST-02;21,37;47,32;20,41;24,57;73,92;0,531;3,34;2,3;265,6
2026-04-11;00:00;EST-02;24,76;;26,53;47,62;70,87;0,576;1,8;3,65;32,5
2026-04-11;01:00;EST-02;19,4;29,92;27,34;39,73;76,16;;6,1;1,52;49,5
2026-04-11;02:00;EST-02;24,87;43,76;21,25;23,84;67,28;0,66;2,83;0;140,7
2026-04-11;03:00;EST-02;22,81;35,71;23,12;28,72;55,21;0,399;;2,55;74,5
2026-04-11;04:00;EST-02;19,75;32,44;15,69;9,47;55,81;0,556;3,26;2,94;145,3
2026-04-11;05:00;EST-02;27,58;47,76;9,9;11,94;50,97;0,456;4,07;3,63;61,9
2026-04-11;06:00;EST-02;20,81;42,34;30,63;41,94;43,49;0,172;3,35;0,47;279,7
2026-04-11;07:00;EST-02;27,58;48,3;34,4;47,94;56,36;0,731;1,38;;109
2026-04-11;08:00;EST-02;30,37;42,91;28,51;;39,31;0,922;;4,25;146,5
2026-04-11;09:00;EST-02;33,85;45,97;25,65;26,19;42,74;1,084;2,8;1,78;95
2026-04-11;10:00;EST-02;32,29;48,8;32,33;34,5;41,25;1,177;4,18;1,39;158,5
2026-04-11;11:00;EST-02;28,49;54,1;44,09;62,17;38,87;1,426;4,77;2,01;346,2
2026-04-11;12:00;EST-02;34,27;62,7;35,35;;44,88;1,246;3,95;2,92;275,4
2026-04-11;13:00;EST-02;30,86;44,17;43,61;72,97;53,48;1,269;4,86;2,51;118,7
2026-04-11;14:00;EST-02;26,79;;29,3;52,29;64,21;1,196;0;0;135,1
2026-04-11;15:00;EST-02;39,75;59,4;43,98;57,73;67,51;1,369;3,31;1,46;311,7
2026-04-11;16:00;EST-02;31,65;57,18;35,23;60,58;73,64;1,212;4,26;1,74;
2026-04-11;17:00;EST-02;29,06;;36,06;38,51;66,07;0,824;5,24;0,77;11,5
2026-04-11;18:00;EST-02;30,55;48,49;37,19;53,34;;0,951;4,85;4,96;167,1
2026-04-11;19:00;EST-02;23,58;35,63;;46,82;87,4;0,956;;4,57;42,6
2026-04-11;20:00;EST-02;32,63;54,95;28,25;45,69;86,9;0,771;3,3;4,2;304
2026-04-11;21:00;EST-02;23,97;36,77;29,17;44,73;78,18;0,979;4,84;3,3;260,2
2026-04-11;22:00;EST-02;24,2;;18,73;24,85;70,39;0,712;4,84;2,08;319,5
2026-04-11;23:00;EST-02;28,22;38,33;23,95;39,13;65,45;0,62;0,65;;131,3
2026-04-12;00:00;EST-02;30,26;41,47;;19,39;69,52;;5,05;0;209,2
2026-04-12;01:00;EST-02;21,84;39,75;;46,37;66,26;0,05;4,78;;308,5
2026-04-12;02:00;EST-02;25,85;34,23;;39,79;53,5;0,228;5,89;1,85;124,9
2026-04-12;03:00;EST-02;30,25;51,16;;16,64;69,11;0,41;6,79;3,84;11
2026-04-12;04:00;EST-02;22,48;44,65;;25,1;55,3;0,435;1,93;2,89;295,2
2026-04-12;05:00;EST-02;23,31;32,5;;28,03;41,76;0,753;4,99;5,19;139,5
2026-04-12;06:00;EST-02;23,8;48,64;;29,53;49;0,414;5,42;3,38;72,5
2026-04-12;07:00;EST-02;30,52;56,64;;30,7;55,34;0,467;1,15;3,35;304,4
2026-04-12;08:00;EST-02;28,76;;;24,03;30,76;0,917;0,91;0,58;309,6
2026-04-12;09:00;EST-02;33,28;52,3;;53,92;41,39;0,739;5,13;3,42;211,4
2026-04-12;10:00;EST-02;31,25;42,99;;53,82;41,78;0,956;;3,83;82
2026-04-12;11:00;EST-02;26,85;40,99;;71,63;38,01;1,286;6,7;0,74;126
2026-04-12;12:00;EST-02;31,18;56,61;;58,3;62,51;0,812;3,26;1,87;117,1
2026-04-12;13:00;EST-02;;65,02;;52,97;59,88;;0;4,06;61,6
2026-04-12;14:00;EST-02;26,86;41,73;;57,89;52,69;1,483;6,01;2;13
2026-04-12;15:00;EST-02;33,3;46,5;;47,14;66,75;;1,76;4,97;271,5
2026-04-12;16:00;EST-02;32,29;39,6;;53,64;73,16;0,823;4,41;3,05;88,3
2026-04-12;17:00;EST-02;28,21;31,68;;36,15;80,56;;3,1;4,64;225,3
2026-04-12;18:00;EST-02;33,59;43,89;;49,28;79,93;1,015;1,76;2,65;267,8
2026-04-12;19:00;EST-02;33,78;70,42;;43,93;66,12;;7,11;0,96;17,7
2026-04-12;20:00;EST-02;30,62;57,89;;37,37;82,43;0,706;2,85;3,12;327,4
2026-04-12;21:00;EST-02;35,49;59,42;;37,86;84,47;0,588;4,79;3,53;
2026-04-12;22:00;EST-02;26,14;56,27;;54,41;83,91;0,865;1,13;4,56;123,4
2026-04-12;23:00;EST-02;22,91;40,03;;31,5;73,07;0,532;3,63;3,78;354,5
2026-04-13;00:00;EST-02;;37,53;14,86;18,2;66,36;0,524;4,9;1,81;314,1
2026-04-13;01:00;EST-02;21,19;33,19;23,54;40,09;74,84;0,478;6,1;1,5;112,9
2026-04-13;02:00;EST-02;27,62;53,27;11,66;9,06;66,94;0,002;4,98;4,09;201,8
2026-04-13;03:00;EST-02;22,42;29,42;17,73;20,89;52,73;0,303;3,46;;36,5
2026-04-13;04:00;EST-02;22,96;38,8;;21,12;41,77;0,218;1,59;2,78;167,5
2026-04-13;05:00;EST-02;18,02;25,55;16,09;20,42;54,31;0,45;3,9;4,68;61,8
2026-04-13;06:00;EST-02;22,96;37,69;20,86;32,57;47,77;0,395;4,35;2,32;244,1
2026-04-13;07:00;EST-02;30,29;51,33;25,9;43,72;;0,498;0;2,39;220,6
2026-04-13;08:00;EST-02;29,59;35,52;26,76;41,23;35,82;0,861;2,89;2,45;301
2026-04-13;09:00;EST-02;32,85;53,11;28,52;36,26;46,5;;;1,92;182,5
2026-04-13;10:00;EST-02;25,96;30,43;37,6;60,36;;1,055;6,17;3,39;100,6
2026-04-13;11:00;EST-02;27,05;43,77;38,31;54,4;46,78;0,92;;3,21;277,5
2026-04-13;12:00;EST-02;31,91;61,13;35,54;60,01;47,6;1,313;6,47;2,06;120,8
2026-04-13;13:00;EST-02;33,74;48,72;37,79;61,97;62,36;1,028;3,72;2,81;294,4
2026-04-13;14:00;EST-02;41,43;67,69;39,69;65,09;59,81;1,351;0,66;1,82;203,4
2026-04-13;15:00;EST-02;38,14;56,39;35,21;53,83;63,44;1,146;5,75;1,68;219,8
2026-04-13;16:00;EST-02;;42,08;29,34;38,7;63,65;1,392;8,33;0,91;144,6
2026-04-13;17:00;EST-02;26,99;41,32;46,09;60,79;74,43;0,941;6,29;0;281,3
2026-04-13;18:00;EST-02;29,82;43,74;39,32;64,66;70,85;1,314;1,15;4,43;277,9
2026-04-13;19:00;EST-02;27,02;40,78;32,42;47,06;75,8;0,868;2,46;0,68;107,6
2026-04-13;20:00;EST-02;23,4;34,92;32,16;45,99;93,85;0,468;4,94;2,51;288,4
2026-04-13;21:00;EST-02;29,83;46,74;28,28;33,63;85;0,415;5,55;2,47;9,1
2026-04-13;22:00;EST-02;25,07;39,16;31,49;69,95;86,64;0,515;5,26;3,51;241,3
2026-04-13;23:00;EST-02;20,13;31,83;26,97;24,86;71,82;0,603;4,08;4,62;259
2026-04-14;00:00;EST-02;33,94;45,08;11,19;;65,19;0,448;3,85;2,21;344,3
2026-04-14;01:00;EST-02;;39,48;25,86;34,76;61,39;0,16;3,66;0,6;38,9
2026-04-14;02:00;EST-02;26,11;31,11;27,06;39,16;61,74;0,245;5,53;2,5;205,3
2026-04-14;03:00;EST-02;24,94;29,8;12,16;8,07;58,92;0,413;6,1;1,12;335,9
2026-04-14;04:00;EST-02;24,08;32,87;;32,04;48,23;0,46;3,74;2,27;30,9
2026-04-14;05:00;EST-02;19,95;32,37;18,92;18,32;46,41;0,627;4,37;1,7;177,8
2026-04-14;06:00;EST-02;28,54;31,29;28,99;25,59;36,19;0,523;8,34;5,02;159,2
2026-04-14;07:00;EST-02;28,39;34,25;28,2;35,08;37,78;0,72;3,06;3,8;41,4
2026-04-14;08:00;EST-02;;40,01;27,95;41,57;35,3;0,825;3,58;1,51;243
2026-04-14;09:00;EST-02;28,42;40,86;32,62;43,45;39,01;1,142;4,83;1,93;227,6
2026-04-14;10:00;EST-02;25,89;38,81;33,4;36,79;47;0,924;3,29;1,65;43,2
2026-04-14;11:00;EST-02;28,18;32,67;29,07;46,77;55,88;0,981;;3,61;190,1
2026-04-14;12:00;EST-02;30,42;49,76;43,05;63,44;47,94;;7,96;2,88;124,5
2026-04-14;13:00;EST-02;34,02;56,08;40,2;63,46;61,14;1,226;2,61;3,08;182,4
2026-04-14;14:00;EST-02;30,77;65,3;32,3;52,89;56,82;1,22;9,14;1,06;157,6
2026-04-14;15:00;EST-02;31,79;45,79;44,08;57,44;71,1;0,987;0,39;2,16;252,3
2026-04-14;16:00;EST-02;37,54;50,88;33,47;50,17;68,48;0,919;8,08;1;232,1
2026-04-14;17:00;EST-02;29,99;;39,38;48,52;74,19;1,049;5,5;0,75;
2026-04-14;18:00;EST-02;26,96;43,09;;30,49;74,07;0,854;3,17;1,03;153,2
2026-04-14;19:00;EST-02;;36,08;30,62;50,82;82,61;0,889;1,13;0,79;266,7
2026-04-14;20:00;EST-02;33,23;56,35;25,69;31,45;;0,667;4,92;2,07;39,3
2026-04-14;21:00;EST-02;31,97;59;30,77;;84,91;0,644;7,26;3,11;
2026-04-14;22:00;EST-02;26,51;52,85;17,83;39,67;78,2;0,389;2,5;0,02;20,9
2026-04-14;23:00;EST-02;21,02;34,64;28,6;34,66;74,53;0,322;3,22;6,36;352
2026-04-15;00:00;EST-02;23,48;33,89;21,13;30,62;69,49;;2,09;1,06;145,5
2026-04-15;01:00;EST-02;19,46;35,51;20,27;13,75;67,83;0,161;5,39;2,13;262,9
2026-04-15;02:00;EST-02;;38,89;9,9;7,81;54,67;0,674;;3,9;338,4
2026-04-15;03:00;EST-02;23,42;37,27;25,87;38,72;50,48;0,657;3,41;1,82;224
2026-04-15;04:00;EST-02;27,07;43,92;21,84;27,35;48,55;0,398;4,93;3,46;321,9
2026-04-15;05:00;EST-02;28,97;45,87;20,41;30,16;39,7;;0,92;0,96;269,8
2026-04-15;06:00;EST-02;;39,14;33,05;45,33;48,54;0,953;4,81;1,35;191,2
2026-04-15;07:00;EST-02;26,97;39,35;24,62;42,35;48,84;0,449;2,36;1,8;
2026-04-15;08:00;EST-02;32,57;68,33;27,67;35,41;45,53;0,698;3,72;1,88;80,5
2026-04-15;09:00;EST-02;29,53;46,15;38,94;54,57;35,15;0,865;0;0,68;12,7
2026-04-15;10:00;EST-02;29,01;51,95;25,17;33,29;41,83;1,143;5,35;3,46;218,7
2026-04-15;11:00;EST-02;29,36;54,98;31,85;35,94;52,37;0,857;5,15;2,65;111,9
2026-04-15;12:00;EST-02;31,23;50,3;41,21;;47,76;1,218;3,94;1,89;318,3
2026-04-15;13:00;EST-02;38,24;58,53;37,3;38,56;56,57;;5,67;2,66;285,9
2026-04-15;14:00;EST-02;34,92;62,56;44,92;75,45;60,98;1,001;;3,67;347,4
2026-04-15;15:00;EST-02;36,99;70,86;42,76;61,69;58,87;1,233;;2,82;
2026-04-15;16:00;EST-02;33,35;52,78;43,34;38,88;73,14;1,327;7,74;3,6;220,5
2026-04-15;17:00;EST-02;31,5;50,42;39,72;55,58;71,45;;1,78;3,29;0,2
2026-04-15;18:00;EST-02;28,56;42,29;37,53;58,78;72,54;0,807;5,91;0,44;63,1
2026-04-15;19:00;EST-02;35,5;66,52;36,28;56,46;94,83;;3,07;3,77;329,4
2026-04-15;20:00;EST-02;32,96;52,5;30,66;40,72;78,86;0,718;4,54;1,34;249,5
2026-04-15;21:00;EST-02;29,58;53,92;;16,88;81,29;1,131;;1,67;283,6
2026-04-15;22:00;EST-02;28,91;38,05;;43,25;78,78;0,604;6,29;1,37;203,1
2026-04-15;23:00;EST-02;26,46;30,08;21,42;39,49;;0,674;5,24;6,12;349,8
2026-04-16;00:00;EST-02;26,13;39,18;26,12;36,08;82,31;0,374;6,81;3,39;316
2026-04-16;01:00;EST-02;26,31;43,66;22,12;29,31;62,97;0,363;0,63;3,76;206,3
2026-04-16;02:00;EST-02;23,13;40,9;24,2;19,68;61,45;0,469;;4,52;293,2
2026-04-16;03:00;EST-02;15,94;30,37;17,66;10,65;55,87;0,598;1,47;6;162,2
2026-04-16;04:00;EST-02;24,88;32,5;21,55;29,1;43,06;0,877;3,01;1,76;260,2
2026-04-16;05:00;EST-02;32,43;58,64;16,92;25,4;36,57;0,652;;1,3;45,3
2026-04-16;06:00;EST-02;27,78;42,88;32,6;51,42;48,55;0,416;7,4;1,3;122,2
2026-04-16;07:00;EST-02;35,05;;32,57;20,94;41,51;0,862;5,85;0,67;59,5
2026-04-16;08:00;EST-02;17,85;31,05;20,58;37,86;49,1;0,729;5,04;;142,5
2026-04-16;09:00;EST-02;24,45;42,85;24,38;19,5;41,95;0,872;4,54;1,53;37,1
2026-04-16;10:00;EST-02;30,64;50,43;35,99;58,4;48,14;1,066;5,47;0;77,2
2026-04-16;11:00;EST-02;30,52;47,65;39,97;56,12;51,35;0,896;3,98;0,49;39,8
2026-04-16;12:00;EST-02;23,95;40,41;31,32;40,77;57,37;1,181;0,71;1,49;119,6
2026-04-16;13:00;EST-02;25,08;40,84;42,46;62,97;60,44;1,185;3,45;0,89;148,6
2026-04-16;14:00;EST-02;26,71;37,67;40,44;55,68;80,39;0,998;3,75;0,36;292,6
2026-04-16;15:00;EST-02;30,48;53,83;37,41;50,84;64,59;0,976;2,7;1,93;326,6
2026-04-16;16:00;EST-02;33,7;52,51;37,4;38,59;75,24;1,042;5,49;4,47;185,6
2026-04-16;17:00;EST-02;26,74;42,68;38,81;51,82;72,76;1,167;5;1,98;178,9
2026-04-16;18:00;EST-02;31,83;46,32;36,07;51,71;67,99;1,012;5,03;3,46;50,2
2026-04-16;19:00;EST-02;21,13;41,46;34,64;38,87;76,59;0,938;5,36;1,77;341
2026-04-16;20:00;EST-02;20,83;27,07;19,68;20,37;91,05;1,109;4,47;1,54;339,4
2026-04-16;21:00;EST-02;28,86;36,8;24,55;45,85;75,04;0,584;4,03;2,92;108,7
2026-04-16;22:00;EST-02;26,31;45,74;34,81;47,72;79,07;0,829;2,9;0,51;200,5
2026-04-16;23:00;EST-02;29,48;49,33;22,44;19,83;75,79;0,702;1,53;2,13;186,7
2026-04-17;00:00;EST-02;21,75;36,28;23,56;36,44;66,14;0,207;4,52;1,74;122,5
2026-04-17;01:00;EST-02;31,67;62,62;15,64;26,45;72,4;0,527;3,29;4,42;135
2026-04-17;02:00;EST-02;24,51;29,99;23,22;30,43;64,79;0,435;4,36;2,43;114,4
2026-04-17;03:00;EST-02;23,34;28,61;23,19;25,99;48,88;0,26;4,57;2,36;314,3
2026-04-17;04:00;EST-02;23;43,82;19,08;25,39;;0,573;6,04;0;79
2026-04-17;05:00;EST-02;27,72;59,12;;12,52;47,9;0,476;5,31;4,11;226,4
2026-04-17;06:00;EST-02;25,04;43,2;23,72;30,49;50,9;0,789;6,17;2,25;
2026-04-17;07:00;EST-02;26,37;37,65;26,76;32,1;42,56;0,541;1,44;4,33;249,7
2026-04-17;08:00;EST-02;28;50,53;34,57;54,76;43,82;;6,75;;260,8
2026-04-17;09:00;EST-02;26,92;47,25;29,45;54,19;42,3;0,916;6,25;2,23;281,3
2026-04-17;10:00;EST-02;33,6;44,92;33,57;53,64;45,07;1,22;;0;282,8
2026-04-17;11:00;EST-02;34,29;53,71;39,07;60,66;42,97;0,977;4,38;3,86;249
2026-04-17;12:00;EST-02;30,67;47,61;40,75;56,98;48,72;1,334;2,92;2,06;87,6
2026-04-17;13:00;EST-02;29,01;49,51;41,26;62,56;60,13;1,5;2,5;0,07;217,3
2026-04-17;14:00;EST-02;29,19;40,85;;66,68;71,24;1,276;8,28;1,97;303,9
2026-04-17;15:00;EST-02;36,08;46,69;35,88;54,4;66,56;1,158;1,64;2,48;109,9
2026-04-17;16:00;EST-02;31,54;45,49;32,42;38,91;74,35;1,198;2,4;0;88,2
2026-04-17;17:00;EST-02;25,3;35,1;40,52;50,67;70,21;1,106;8,72;3,62;47,6
2026-04-17;18:00;EST-02;31,44;39,79;29,39;21,06;;1,229;4,79;2,7;350,7
2026-04-17;19:00;EST-02;28,16;55,81;33,25;42,03;70,77;1,111;3,86;0;69,5
2026-04-17;20:00;EST-02;22,89;35,83;;39,43;86,66;0,812;6,12;1,96;217,5
2026-04-17;21:00;EST-02;24,71;34,11;22,28;29,5;71;0,741;0,19;2,74;301,7
2026-04-17;22:00;EST-02;24,47;42,79;36,52;42,5;;0,491;2,26;1,43;
2026-04-17;23:00;EST-02;23,22;50,65;25,01;26,93;73,94;0,397;5,6;0,04;78,8
2026-04-18;00:00;EST-02;22,17;39,57;27,51;49,55;75,18;0,441;5,59;0,78;261,3
2026-04-18;01:00;EST-02;25,88;35,38;20,01;28,98;68,67;0,554;5,66;2,79;294,1
2026-04-18;02:00;EST-02;24,43;35,51;19,02;47,57;63,09;0,468;2,59;4,03;207,5
2026-04-18;03:00;EST-02;27,21;44,82;25,51;45,89;58,52;0,396;;1,14;55
2026-04-18;04:00;EST-02;24,32;28,47;25,48;;49,17;0,422;4,08;1,98;46,8
2026-04-18;05:00;EST-02;24,93;37,21;19,06;35,34;35,23;0,486;3,06;3,13;67,6
2026-04-18;06:00;EST-02;24;37,79;;45,15;37,58;0,527;5,77;0,7;1,4
2026-04-18;07:00;EST-02;26,93;40,77;40,89;53,94;45,38;0,582;5,06;3,81;109,4
2026-04-18;08:00;EST-02;27,78;39,08;24,28;42,28;38,68;0,438;7,53;1,3;98,9
2026-04-18;09:00;EST-02;35,6;;31,77;34,65;32,87;;4,73;2,96;142,6
2026-04-18;10:00;EST-02;30,08;37,11;37,3;53,51;56,52;1,001;2,11;;
2026-04-18;11:00;EST-02;32,57;52,27;30,77;29,99;49,44;1,29;4,16;3,72;174,2
2026-04-18;12:00;EST-02;32,53;47,16;39,64;65,15;55,18;1,259;3,07;2,2;228,7
2026-04-18;13:00;EST-02;31,66;57,66;27,92;39,34;56,35;0,981;;1,41;324,2
2026-04-18;14:00;EST-02;39,4;69,09;42,87;63,07;61,01;1,5;5,6;1,38;
2026-04-18;15:00;EST-02;34,13;54,27;32,51;;65,56;1,266;4,88;1,59;58,6
2026-04-18;16:00;EST-02;29,47;44,56;36;59,45;70,32;1,352;7,57;1,39;269,8
2026-04-18;17:00;EST-02;29,87;54,07;35,36;42,58;72,61;1,021;6,59;2,74;250,4
2026-04-18;18:00;EST-02;31,98;49,31;33,05;50,76;84,24;;3,48;2,76;344,5
2026-04-18;19:00;EST-02;27,5;37,19;28,56;38,05;85,29;1,092;;;200,3
2026-04-18;20:00;EST-02;31,18;46,72;27,85;27,7;84,9;0,776;2,69;2,11;26,3
2026-04-18;21:00;EST-02;22,95;;33,67;47,75;85,34;0,757;3,93;1,98;62,8
2026-04-18;22:00;EST-02;30,65;55,54;19,07;37,14;77,17;0,487;3,66;3,75;243,9
2026-04-18;23:00;EST-02;24,15;43,67;23,63;28,5;71,89;0,579;3,83;0,44;155,2
2026-04-19;00:00;EST-02;22,61;45,74;14,32;18,61;67,8;0,307;3,03;5,16;154,2
2026-04-19;01:00;EST-02;20,97;22,58;11,73;12,14;63,37;0,38;0;2,36;314,8
2026-04-19;02:00;EST-02;22,33;41,9;28,11;24,2;57,19;0,272;4,29;0,67;70
2026-04-19;03:00;EST-02;24,31;38,16;28,3;39,5;59,23;0,301;1,26;1,58;175
2026-04-19;04:00;EST-02;27,07;44,96;16,46;30,33;43,85;0,219;2,88;5,43;218,6
2026-04-19;05:00;EST-02;23,37;;14,73;21,24;48,83;0,636;5,82;2,2;197,2
2026-04-19;06:00;EST-02;23,2;40,34;22,46;35,13;46,95;0,61;5,59;0,14;293,9
2026-04-19;07:00;EST-02;25,88;32,76;25,38;32,53;50,54;0,718;6,06;2,95;251,2
2026-04-19;08:00;EST-02;28,53;50,03;35,97;49,3;32,11;0,542;3,35;0;224,3
2026-04-19;09:00;EST-02;31,42;46,46;27,04;46,08;;0,751;;2,67;341,6
2026-04-19;10:00;EST-02;34,77;61,9;35;57,17;40,65;;2,66;1,29;305,4
2026-04-19;11:00;EST-02;26,99;40,42;;69,96;37,51;0,89;2,42;3,65;279,5
2026-04-19;12:00;EST-02;28,57;50,01;43,44;60,67;47,1;1,187;3,53;2,14;
2026-04-19;13:00;EST-02;35,56;58,4;44,84;73,46;59,58;1,11;6,08;3,2;179,1
2026-04-19;14:00;EST-02;33,24;57,37;41,45;57,24;60,45;1,244;5,04;4,23;100,6
2026-04-19;15:00;EST-02;30,01;46,06;33,04;59,55;63,93;1,331;4,55;2,96;186,9
2026-04-19;16:00;EST-02;28,31;39,49;47,3;67,14;78,75;;3,18;3,14;136,2
2026-04-19;17:00;EST-02;26,2;40,81;40,01;52,02;74,19;1,057;8,22;0;152,9
2026-04-19;18:00;EST-02;28,99;42,53;33,61;52,39;83,67;1,028;6,19;4,4;174,6
2026-04-19;19:00;EST-02;26,85;45,93;35,08;42,59;71,9;0,6;4,14;2,95;89,7
2026-04-19;20:00;EST-02;32,18;52,41;36,75;54,41;75,6;0,869;5,34;1,68;120,7
2026-04-19;21:00;EST-02;27,37;37,78;33,02;42,97;91,67;0,378;4,27;4,64;265,6
2026-04-19;22:00;EST-02;25,36;38,16;21,58;32,17;71,55;0,583;5,03;2,18;201,3
2026-04-19;23:00;EST-02;29,29;51,25;17,72;14,46;70,43;0,599;4,55;3,69;104,7
2026-04-20;00:00;EST-02;20,84;38,85;18,57;27,49;62,7;0,368;6,02;1,43;25,8
2026-04-20;01:00;EST-02;14,81;20,34;19,48;41,22;60,16;0,514;6,11;1,42;101,6
2026-04-20;02:00;EST-02;24,57;30,42;17,72;35,02;65,14;0,376;4,23;3,37;246,4
2026-04-20;03:00;EST-02;21,91;44,27;26,92;43,11;51,77;0,261;3,35;2,59;87,9
2026-04-20;04:00;EST-02;26,51;50,15;24,22;28,5;47,23;0,499;3,69;3,16;151,4
2026-04-20;05:00;EST-02;29,54;40,47;24,04;30,74;47,27;0,647;5,95;4,6;140,8
2026-04-20;06:00;EST-02;25,56;39,38;16,33;33,57;42,75;0,676;5,36;0,63;350,3
2026-04-20;07:00;EST-02;33,15;54,79;24,51;;49,2;0,837;1,07;4,95;
2026-04-20;08:00;EST-02;27,39;36,67;35,27;53,19;33,25;0,765;10,25;2,52;21,7
2026-04-20;09:00;EST-02;25;50,63;36,83;62,82;44,17;1,092;2,3;2,74;8,2
2026-04-20;10:00;EST-02;35,53;58,76;31,87;45,13;34,62;0,652;5,66;1,94;8,5
2026-04-20;11:00;EST-02;34,15;63,03;39,74;71,07;50,87;1,128;;0,57;153,6
2026-04-20;12:00;EST-02;21,68;31,17;38,77;47,97;49,29;1,422;6,21;1,47;65,6
2026-04-20;13:00;EST-02;26,76;47,04;38,41;;57,43;1,252;5,93;;
2026-04-20;14:00;EST-02;39,95;63,95;43,6;56,72;66,14;0,982;3,08;;345,5
2026-04-20;15:00;EST-02;36,87;55,31;43,25;72,69;;1,335;5,06;2,67;332,3
2026-04-20;16:00;EST-02;38,82;58,29;;;77,97;1,316;2,93;0;248,1
2026-04-20;17:00;EST-02;33,02;52,43;37,97;48,98;;1,134;5,17;2,74;328,6
2026-04-20;18:00;EST-02;31,83;45,37;36,87;57,94;;1,062;;1,28;98
2026-04-20;19:00;EST-02;29,79;46,94;26,97;28,72;;;3,74;5,98;257,4
2026-04-20;20:00;EST-02;24,09;39,44;22,68;21,25;74,82;0,766;3,64;2,88;289
2026-04-20;21:00;EST-02;25,62;41,2;21,94;19,96;72,32;0,794;3,32;0;318,3
2026-04-20;22:00;EST-02;21;43,57;22,11;36,4;85,85;0,457;4,15;3,33;49,1
2026-04-20;23:00;EST-02;26,62;34,61;25,7;32,09;78,24;0,655;5,34;;297,5
2026-04-21;00:00;EST-02;27,29;52,64;21,17;30,95;77,59;0,38;1,33;3,24;186,6
2026-04-21;01:00;EST-02;19,31;33,89;27,5;25,46;73,31;0,033;3,2;5,26;289,7
2026-04-21;02:00;EST-02;24,36;43,55;11,42;16,56;62,39;0,679;1,53;1,93;114,2
2026-04-21;03:00;EST-02;20;38,76;20,47;24,22;53,72;0,329;3,05;0,6;101,2
2026-04-21;04:00;EST-02;23,1;32,41;22,11;32,88;48,66;0,432;8,32;5,68;313,9
2026-04-21;05:00;EST-02;21,51;;28,21;36,31;49,3;0,817;3,98;3,56;247,1
2026-04-21;06:00;EST-02;23,65;44,19;20,75;39,77;41,15;0,528;1,82;1,11;199
2026-04-21;07:00;EST-02;;26,18;24,87;41,14;45,22;0,59;3,08;2,15;309,3
2026-04-21;08:00;EST-02;24,71;35,22;24,36;22,24;43,84;0,83;6,57;4,06;130,2
2026-04-21;09:00;EST-02;28,74;44,42;26,09;42,09;43,39;1,001;1,72;3,03;240,8
2026-04-21;10:00;EST-02;30,56;44,79;40,95;73,73;38,02;1,108;0;3,5;30,5
2026-04-21;11:00;EST-02;28,73;38,09;35,99;;36,71;1,029;2,97;4,87;326,3
2026-04-21;12:00;EST-02;26,76;39,98;46,44;70,73;46,49;1,106;3,53;1,69;
2026-04-21;13:00;EST-02;29,15;54,98;37,75;52,03;57,67;1,519;4,02;4,14;12,7
2026-04-21;14:00;EST-02;30,96;49,62;36,13;48,95;67,33;;4;3,56;298
2026-04-21;15:00;EST-02;36,25;58,43;38,83;38,3;64,93;1,242;7,49;3,35;344,4
2026-04-21;16:00;EST-02;26,63;;44,76;55,57;77,79;1,256;4,55;2,01;222,9
2026-04-21;17:00;EST-02;37,93;64,48;38,77;50,98;76,37;1,108;4,8;3,6;
2026-04-21;18:00;EST-02;24,13;39,12;26,26;34,18;76,27;1,074;7,97;0;43,2
2026-04-21;19:00;EST-02;28,1;47,05;25,51;43,69;81,57;0,894;0,13;2,61;221,8
2026-04-21;20:00;EST-02;27,05;50,33;35,66;44,8;91,57;0,807;4,1;2,65;276,7
2026-04-21;21:00;EST-02;16,44;25,2;20,59;41,84;90,84;0,824;;0,99;242,7
2026-04-21;22:00;EST-02;33,77;49,88;13,22;26,75;88,32;0,849;6,08;4,3;272,6
2026-04-21;23:00;EST-02;16,87;27,15;26,04;35,37;75,06;0,373;2;5,26;176,6
2026-04-22;00:00;EST-02;24,53;40,93;16,44;28,15;82,56;0,224;4,93;3,31;82,6
2026-04-22;01:00;EST-02;30,71;61,35;19,17;32,23;67,68;0,319;4,54;3,51;
2026-04-22;02:00;EST-02;20,48;29,98;17,72;18,07;63,88;0,463;5,96;1,21;22,5
2026-04-22;03:00;EST-02;30,35;47,58;20,49;27,29;63,62;0,589;;2,54;27,8
2026-04-22;04:00;EST-02;32,24;56,72;19,06;;48,79;0,665;6,96;1,12;58,9
2026-04-22;05:00;EST-02;28,3;60,97;19,22;38,36;47,96;0,331;3,76;2,5;355,5
2026-04-22;06:00;EST-02;27,25;49,34;26,19;32,33;43,79;0,599;;4,16;145,3
2026-04-22;07:00;EST-02;21,35;30,79;28,24;48,53;50,47;0,963;4,26;3,64;89,2
2026-04-22;08:00;EST-02;29,72;41,1;29,69;65,8;43,82;0,67;4,82;1,72;298,8
2026-04-22;09:00;EST-02;37,45;;34,32;44,91;40,82;1,135;4,61;0;172,1
2026-04-22;10:00;EST-02;30,73;51,23;40,43;60,33;49,16;0,936;1,54;2,92;265
2026-04-22;11:00;EST-02;28,24;40,81;43,18;56,79;;1,027;3,87;0,14;56,7
2026-04-22;12:00;EST-02;32,39;53,16;44,45;76,95;61,07;;3,7;1,57;225,9
2026-04-22;13:00;EST-02;34,21;59,66;42,77;58,92;61,54;1,376;5,76;2,45;345,6
2026-04-22;14:00;EST-02;28,57;41,62;41,29;61,96;53,51;1,124;4,49;1,15;165,2
2026-04-22;15:00;EST-02;30,63;44,67;39,93;59,03;62,09;1,15;4,94;1,36;163,6
2026-04-22;16:00;EST-02;25,32;38;32,07;42,11;81,99;0,94;3,43;5,7;283,2
2026-04-22;17:00;EST-02;29,36;46,03;39,22;68,47;72,96;0,969;1,24;2,65;67,7
2026-04-22;18:00;EST-02;28,14;39,58;40,37;52,45;81,7;0,759;4,26;0,7;339,1
2026-04-22;19:00;EST-02;37,88;66,2;31,95;70,32;75,83;1,078;0,93;2,13;26,7
2026-04-22;20:00;EST-02;29,03;46,78;28,46;48,58;78,6;0,849;5,64;0,28;85,8
2026-04-22;21:00;EST-02;27,18;47,27;34,52;46,6;79,42;0,566;4,66;2,05;283,8
2026-04-22;22:00;EST-02;;44,31;22,18;24,88;81,91;0,146;2,79;0,77;80,3
2026-04-22;23:00;EST-02;23,41;34,09;22,69;27;73,73;;3,16;1,86;128,9
2026-04-23;00:00;EST-02;19,92;32,24;22,87;20,6;76,56;0,568;5,95;2,95;55
2026-04-23;01:00;EST-02;32,88;50,79;;8,88;77,71;0,679;2,15;1,41;186,9
2026-04-23;02:00;EST-02;28,9;38,51;10,17;31,57;63,87;0,468;3,59;3,2;250,2
2026-04-23;03:00;EST-02;20,77;;8,99;10,16;54,64;0,368;2,9;1,01;220,7
2026-04-23;04:00;EST-02;25,11;38,38;14,46;20,75;50,23;0,384;0;3,52;44,3
2026-04-23;05:00;EST-02;25,42;35,83;20,99;38,6;51,05;0,687;4,66;3,09;309,9
2026-04-23;06:00;EST-02;24,73;38,22;31,12;39,52;46,27;0,634;6,32;2,3;21,4
2026-04-23;07:00;EST-02;20,15;22,55;16;28,68;46,72;0,831;2,65;1,65;154
2026-04-23;08:00;EST-02;33,77;64,2;33,97;50,2;50,01;0,762;3,22;2,31;309,6
2026-04-23;09:00;EST-02;28,34;38,63;37,71;57,15;51,26;0,659;7,8;0,14;305,6
2026-04-23;10:00;EST-02;27,52;51,87;36,13;48,63;39,92;0,794;6,27;3,7;213,5
2026-04-23;11:00;EST-02;32,42;36,01;30,85;46,91;45,64;0,999;1,79;3,92;239,2
2026-04-23;12:00;EST-02;33,47;49,75;39,54;44,66;51,22;0,767;0,86;2,02;78,1
2026-04-23;13:00;EST-02;;32;;71,2;58,04;1,292;3,32;1,73;137
2026-04-23;14:00;EST-02;29,37;51,33;31,97;51,88;62,24;1,168;0,71;1,03;36,4
2026-04-23;15:00;EST-02;31,03;51,32;35,26;49,13;58,94;1,201;4,74;2,98;308,7
2026-04-23;16:00;EST-02;30,1;51,38;37,6;50,35;83,42;1,004;6,16;0,77;242,6
2026-04-23;17:00;EST-02;33,66;50,8;30,98;27,61;72,45;1,162;1,84;2,65;82,2
2026-04-23;18:00;EST-02;29,06;39,62;34,61;;72,18;0,901;2,13;0,53;27,5
2026-04-23;19:00;EST-02;27,59;;29,47;48,58;76,75;1,128;2,29;3,26;151,9
2026-04-23;20:00;EST-02;29,8;39,43;25,29;44,76;77,17;0,946;3,14;2,71;357,9
2026-04-23;21:00;EST-02;24,53;34;28,54;40,7;84,09;0,623;2,14;2,77;164,3
2026-04-23;22:00;EST-02;;47,81;23,37;;78,86;0,351;1,88;4,09;182,5
2026-04-23;23:00;EST-02;18,45;31,63;20,13;21,19;69,27;0,667;0,07;1,24;96,7
2026-04-24;00:00;EST-02;30,85;52,68;;36,19;63,87;0,493;4,98;1,18;263,6
2026-04-24;01:00;EST-02;22,08;39,5;11,14;18,28;64,7;;3,91;4,37;153,6
2026-04-24;02:00;EST-02;23,49;42,31;23,97;37,33;48,25;0,253;6,77;;303,4
2026-04-24;03:00;EST-02;26,96;38,78;;9,96;69,29;0,284;2,41;1;110,8
2026-04-24;04:00;EST-02;23,56;33,95;28,41;44,41;46,48;0,27;6,32;2,53;347,2
2026-04-24;05:00;EST-02;18,04;22,17;16,73;7,06;41,26;0,379;3,07;5,04;104,6
2026-04-24;06:00;EST-02;25,33;43,58;23,81;36,54;46,36;0,618;9,53;3,87;223,8
2026-04-24;07:00;EST-02;28,45;40,76;29,64;;36,03;0,748;;3,25;170,6
2026-04-24;08:00;EST-02;29,5;48,23;27,48;44,98;;0,791;3,77;4,89;135,7
2026-04-24;09:00;EST-02;29,34;49,85;32,1;38,38;44,95;0,898;7,68;3,68;341,5
2026-04-24;10:00;EST-02;32,92;54,51;41,55;53,97;45,81;0,985;4,12;1,17;278,2
2026-04-24;11:00;EST-02;32,5;59,71;37,02;48,53;52,59;0,964;6,17;4,12;122,5
2026-04-24;12:00;EST-02;32,97;49,83;39,21;57,93;48,64;1,346;5,16;1,16;219,9
2026-04-24;13:00;EST-02;32,25;45,04;;61,61;67,77;1,338;6,64;4,32;260,8
2026-04-24;14:00;EST-02;33,32;56,55;43,68;55,22;66,39;1,419;3,59;2,03;
2026-04-24;15:00;EST-02;29,27;38,92;45,4;59,95;67,29;1,095;;3,78;96,1
2026-04-24;16:00;EST-02;26,74;40,71;41,51;59,62;72,65;1,178;5,52;2,44;192,5
2026-04-24;17:00;EST-02;26,88;58,33;35,65;51,54;79,54;1,021;4,02;2,49;132,4
2026-04-24;18:00;EST-02;;40,91;43,76;67,61;83,16;0,74;2,41;4,58;358,3
2026-04-24;19:00;EST-02;32,02;57,47;38,56;62,28;84,47;0,776;5,99;0,85;13,9
2026-04-24;20:00;EST-02;22,91;42,5;29,71;42,4;81,91;0,631;2,66;1,57;223,3
2026-04-24;21:00;EST-02;24,95;33,43;30,3;47,71;73,56;0,652;7,71;1,03;286,5
2026-04-24;22:00;EST-02;26,42;48,83;26,48;33,62;79,72;0,612;3,82;0,52;36,4
2026-04-24;23:00;EST-02;29,44;40,83;21,43;28,19;69,2;0,237;2,66;1,97;218,4
2026-04-25;00:00;EST-02;25,24;47,37;25,55;34,76;60,96;;4,29;3,14;354
2026-04-25;01:00;EST-02;20,84;16,09;15,07;24,99;67,34;0,231;1,16;1,97;
2026-04-25;02:00;EST-02;26,08;39,26;16,86;17,54;63,58;0,406;;2,77;322,4
2026-04-25;03:00;EST-02;20;27,62;18,37;42,24;48,73;0,351;;2,05;155,3
2026-04-25;04:00;EST-02;23,3;35,88;25,41;50,06;60,44;0,433;3,9;2,57;275,7
2026-04-25;05:00;EST-02;21,78;40,47;23,96;33,19;40,23;0,527;0,21;1,63;
2026-04-25;06:00;EST-02;27,15;54,72;;50,59;48,55;0,769;7,71;1,4;26,6
2026-04-25;07:00;EST-02;29,64;;28,51;37,93;39,1;0,94;1,8;3,53;108,2
2026-04-25;08:00;EST-02;21,68;29,71;;41,88;39,8;0,787;1,08;5,99;51,9
2026-04-25;09:00;EST-02;31,03;46,41;;56,36;31,18;0,945;1,58;1,89;356,7
2026-04-25;10:00;EST-02;26,06;41,9;22,16;28,5;44,14;0,796;7,03;1,61;321,7
2026-04-25;11:00;EST-02;28,46;45,05;43,61;80,84;52,33;1,246;7,43;2,87;161,8
2026-04-25;12:00;EST-02;34,63;56,28;;42,01;53,75;0,915;0,75;2,79;70,1
2026-04-25;13:00;EST-02;31,84;51,77;40,57;49,57;62,22;1,173;4,88;0,71;208
2026-04-25;14:00;EST-02;36,39;64,04;36,01;46,05;56,07;1,102;1,2;2,29;194,1
2026-04-25;15:00;EST-02;28,72;45,41;38,56;62,42;63,51;1,1;;;327,1
2026-04-25;16:00;EST-02;30,92;49,81;45,03;73,7;62,12;1,244;4,45;1,81;60,6
2026-04-25;17:00;EST-02;23,92;47,05;39,65;48,58;72,63;0,827;3,37;1,78;358,2
2026-04-25;18:00;EST-02;33,11;60,63;34,86;46,36;81,93;0,997;1,84;1,52;319
2026-04-25;19:00;EST-02;;48,1;;34,9;85,31;0,904;9,11;1,92;
2026-04-25;20:00;EST-02;39,32;64,07;;33,63;91,17;0,626;4,85;1,79;150
2026-04-25;21:00;EST-02;21,27;42,09;26,02;26,71;88,83;0,621;4,67;3,76;154,6
2026-04-25;22:00;EST-02;17,21;31,71;24,5;31,66;78,67;0,358;4,38;0,45;140,9
2026-04-25;23:00;EST-02;;47,72;18,83;37,98;81,82;0,453;1,78;0,33;185,8
2026-04-26;00:00;EST-02;21,59;41,73;17,94;17,91;73,4;0,351;4,02;3,98;
2026-04-26;01:00;EST-02;24,62;40,62;11,88;19,76;68,14;0,548;5,21;2,2;70,9
2026-04-26;02:00;EST-02;;38,01;18,44;29,52;59,74;0,647;8,03;3,81;257,5
2026-04-26;03:00;EST-02;17,98;20,24;18,73;26,56;55,63;0,167;6,3;5,73;167,9
2026-04-26;04:00;EST-02;28,88;47,56;17,12;24,55;64,63;0,401;3,09;4,16;119,7
2026-04-26;05:00;EST-02;21,78;;20,42;29,14;54,48;0,397;6,18;2,65;224,5
2026-04-26;06:00;EST-02;27,28;43,06;27,87;36,33;;0,564;3,49;0,11;137,7
2026-04-26;07:00;EST-02;18,7;27,83;28,63;40,86;40,22;0,684;2,43;2,52;226,2
2026-04-26;08:00;EST-02;24,4;40,64;31,31;42,5;56,53;0,779;3,44;1,87;242,9
2026-04-26;09:00;EST-02;31,78;46,73;29,75;37,34;36,77;0,641;3,07;3,81;185,7
2026-04-26;10:00;EST-02;36,24;62,49;37,62;67,73;44,1;1,009;3,98;4,82;180,1
2026-04-26;11:00;EST-02;28,24;48,7;32,99;50,45;50,34;1,054;5,13;0,27;275,5
2026-04-26;12:00;EST-02;29,61;64,55;39,44;50,44;43,73;1,342;3,3;1,31;190,2
2026-04-26;13:00;EST-02;34,46;58,94;39,76;56,93;58,22;1,237;4,85;4,14;1,5
2026-04-26;14:00;EST-02;28,73;;43,77;46,98;51,32;1,338;7,04;0,6;182,6
2026-04-26;15:00;EST-02;30,27;46,86;41,19;47,32;60,53;1,141;3,71;0,81;160,4
2026-04-26;16:00;EST-02;29,79;;40,07;55,07;77,02;1,006;1,21;2,04;226,2
2026-04-26;17:00;EST-02;25,87;33,06;37,98;47,11;67,43;1,228;2,74;4,22;226,5
2026-04-26;18:00;EST-02;31,18;48,62;21,72;21,32;78,57;1,055;0,42;2,42;161,5
2026-04-26;19:00;EST-02;29,97;47,84;36,31;59,36;84,07;1,033;3,3;6,73;174
2026-04-26;20:00;EST-02;25,89;46,83;33,76;51,17;86,05;0,487;7,18;2,19;37,3
2026-04-26;21:00;EST-02;18,83;31,67;24,59;;83,22;0,751;1,88;2,41;230,3
2026-04-26;22:00;EST-02;;50,71;25,75;25,84;79,97;0,992;7,29;0;316,8
2026-04-26;23:00;EST-02;28,9;45,15;20,63;26,74;79,46;0,345;6,38;2,42;166,2
2026-04-27;00:00;EST-02;29,03;37,18;18,56;21,42;84,86;0,351;0;1,63;191,3
2026-04-27;01:00;EST-02;27,27;57,3;;39,83;61,83;0,657;3,26;1,51;323,8
2026-04-27;02:00;EST-02;18,99;27,6;18,83;32,21;59,67;0,21;0,79;2,81;91,6
2026-04-27;03:00;EST-02;21,92;32,27;22,28;42,32;52,14;0,427;5,92;1,34;270,3
2026-04-27;04:00;EST-02;24,38;31,15;22,18;31,31;55,33;0,276;4,02;;134,9
2026-04-27;05:00;EST-02;26,63;50,3;17,04;27,47;;0,56;;0;190
2026-04-27;06:00;EST-02;28,89;;27,01;39,55;47,11;0,679;3,45;2,62;347,7
2026-04-27;07:00;EST-02;27,53;44,31;27,93;37,35;40,07;0,728;2,99;2,28;84,9
2026-04-27;08:00;EST-02;28,43;49;28,94;24,45;45,54;0,818;2,01;3,66;350,7
2026-04-27;09:00;EST-02;33,22;52,8;;31,17;40,24;0,82;;2,31;155,5
2026-04-27;10:00;EST-02;;43,75;33,78;41,43;37,91;1,116;1,4;;301,1
2026-04-27;11:00;EST-02;28,73;39,34;33,97;47,63;49,27;0,965;3,82;3,83;126,9
2026-04-27;12:00;EST-02;31,44;44,6;33,4;48,84;48,73;0,964;6,65;3,88;263,9
2026-04-27;13:00;EST-02;25,97;45,11;38,23;65,53;60,52;1,231;1,96;3,24;170,2
2026-04-27;14:00;EST-02;37,22;62,09;35,88;56,66;75,45;1,167;5,1;1,85;317
2026-04-27;15:00;EST-02;25,83;41,33;39,88;70,22;56,41;1,144;6,58;2,14;140,7
2026-04-27;16:00;EST-02;28,13;39,41;29,53;36,31;66,06;1,164;2,42;1,78;253,5
2026-04-27;17:00;EST-02;30,64;45,85;31,76;45,15;;1,102;2,78;2,32;269,1
2026-04-27;18:00;EST-02;29,44;44,71;30,33;36,45;76,86;1,149;6,18;1,11;239,8
2026-04-27;19:00;EST-02;27,06;48,16;33,32;47,38;84,54;0,814;6,73;2,5;169,7
2026-04-27;20:00;EST-02;27,08;;27,87;46,62;78,25;0,685;5,32;1,19;29,9
2026-04-27;21:00;EST-02;28,37;40,15;27,05;33,49;83,41;0,98;3,26;3,3;135,6
2026-04-27;22:00;EST-02;26,1;;20,71;31,68;77,59;0,464;6,03;2,65;96,8
2026-04-27;23:00;EST-02;30,53;37,83;29,29;33,97;77,41;0,429;2,15;;167
2026-04-28;00:00;EST-02;23,65;39,85;21,62;44,12;59,32;0,51;2,55;0;100,3
2026-04-28;01:00;EST-02;;46,51;24,29;43,6;67,1;0,432;0,57;1,43;169,3
2026-04-28;02:00;EST-02;24,24;40,99;20,67;46,47;59,42;0,641;4,27;5,04;344,5
2026-04-28;03:00;EST-02;24,87;37,44;;39,23;59,1;0,597;2,66;1,27;271,8
2026-04-28;04:00;EST-02;24,38;37,89;16,55;32,75;49,82;0,668;4,03;3,47;57
2026-04-28;05:00;EST-02;21,87;37,2;32,57;47,61;53,27;0,621;4,61;2,78;210,2
2026-04-28;06:00;EST-02;29,05;;26,24;35,26;42,33;0,794;2,53;0,41;343
2026-04-28;07:00;EST-02;21,28;22,49;31,95;46;45,52;0,63;1,23;;185,9
2026-04-28;08:00;EST-02;22,91;38,5;27,69;40,24;42,93;0,858;5;1,98;48,1
2026-04-28;09:00;EST-02;29,98;33,39;35,82;51,35;46,07;0,711;3,37;0,86;79,8
2026-04-28;10:00;EST-02;24,38;33,44;37,67;47,71;39,11;1,136;5,9;3,58;
2026-04-28;11:00;EST-02;29,9;46,62;33,83;;44,69;1,018;5,2;4,28;236
2026-04-28;12:00;EST-02;38,64;57,59;29,47;46,98;47,37;1,105;0,46;1,15;268,1
2026-04-28;13:00;EST-02;30,13;45,84;40,11;66,07;60,89;0,943;5,22;2,67;290,5
2026-04-28;14:00;EST-02;35,21;56,19;41,02;51,9;;1,378;2,59;0,96;137,6
2026-04-28;15:00;EST-02;27,34;;37,94;;66,94;1,213;0;3,16;184,8
2026-04-28;16:00;EST-02;28,8;47,17;39,51;46,84;73,99;1,326;3,54;1,2;9,1
2026-04-28;17:00;EST-02;34,25;47,44;39,96;50,53;77,59;0,998;2,87;4,78;309,7
2026-04-28;18:00;EST-02;31,94;61,49;38,43;43,15;71,63;0,887;4,32;2,84;74
2026-04-28;19:00;EST-02;25,54;36;;60,24;75,72;0,757;1,73;3,45;
2026-04-28;20:00;EST-02;24,42;36,89;26,04;38,83;98,11;0,883;3,81;1,5;294,2
2026-04-28;21:00;EST-02;29,9;51,92;25,08;44,82;81,45;0,813;4,59;2,23;198
2026-04-28;22:00;EST-02;25,42;45,72;22,46;;72,82;0,717;4,63;0,7;276,1
2026-04-28;23:00;EST-02;28,9;38,68;17,57;24,05;88,94;0,416;4,99;2,89;280,2
2026-04-29;00:00;EST-02;25,18;37,6;19,55;14,08;71,85;0,588;;4,14;
2026-04-29;01:00;EST-02;23,9;34,47;17,91;13,31;65,57;0,436;7,43;3,29;331,4
2026-04-29;02:00;EST-02;18,24;27,95;24,06;31,92;65,25;0,373;5,43;0,1;343,1
2026-04-29;03:00;EST-02;19,69;36,26;18,98;25,65;55,38;;4,92;4,09;313,8
2026-04-29;04:00;EST-02;25,86;51,66;21,8;39,15;54,57;;4,36;3,25;45,9
2026-04-29;05:00;EST-02;26,82;;22,81;8,39;57,93;0,473;2,35;0,81;64,6
2026-04-29;06:00;EST-02;23,75;33,58;21,59;34,46;56,86;0,723;6,25;1,93;88,6
2026-04-29;07:00;EST-02;26,44;42,93;29,54;36,09;40,13;0,825;6,18;2,6;86,8
2026-04-29;08:00;EST-02;26,82;34,26;30,38;44,57;40,38;0,836;4,83;2,89;42,5
2026-04-29;09:00;EST-02;28,02;47,29;40,48;54,5;45,99;1,035;3,61;4,22;37,5
2026-04-29;10:00;EST-02;35,52;;46,8;60,6;57,42;1,115;6,68;2,02;163,1
2026-04-29;11:00;EST-02;36,54;51,93;36,25;33,63;46,79;0,96;3,56;6,89;87,2
2026-04-29;12:00;EST-02;25,71;44,46;42,65;57,01;53,07;1,188;1,31;0,95;8
2026-04-29;13:00;EST-02;32,26;47,37;35,69;49,24;62,14;1,175;7,25;1,46;228,2
2026-04-29;14:00;EST-02;30,58;52,46;36,09;65,95;;;4,18;3,33;27,7
2026-04-29;15:00;EST-02;35,29;52,09;;74,66;61,85;1,504;4,77;1,85;116,3
2026-04-29;16:00;EST-02;30,57;;36,58;49,11;65,55;1,259;;1,55;96,1
2026-04-29;17:00;EST-02;32,25;52,04;33,57;48;75,84;0,912;3,42;3,37;108,2
2026-04-29;18:00;EST-02;29,08;50,59;30,1;34,55;77,81;1,225;4,33;2,09;176
2026-04-29;19:00;EST-02;27,89;58,03;30,03;33,95;80,32;0,866;2,38;6,4;12,3
2026-04-29;20:00;EST-02;29,86;45;27,11;46,16;71,94;0,629;3,51;4,53;328,1
2026-04-29;21:00;EST-02;28,63;45,97;33,89;34,77;85,73;0,667;5,85;1,27;136,6
2026-04-29;22:00;EST-02;25,59;34,93;18,6;21,39;80,1;0,486;3,34;0;153,2
2026-04-29;23:00;EST-02;29,27;51,06;22,49;33,44;71,17;0,761;8,14;;83,5
2026-04-30;00:00;EST-02;21,82;27,4;17,79;23,15;85,87;0,411;2,28;1,15;40,5
2026-04-30;01:00;EST-02;28,13;42,09;10,96;6,32;77,5;0,517;4,13;5,3;42,9
2026-04-30;02:00;EST-02;23,86;38,06;17,09;21,65;53,08;;0,55;4,13;168,6
2026-04-30;03:00;EST-02;31,94;46,72;29,03;37,72;47,43;0,606;6,8;1,14;53,8
2026-04-30;04:00;EST-02;20,91;32,74;21,88;27,82;41,09;0,366;5,41;2,19;198,6
2026-04-30;05:00;EST-02;21,45;30,66;29,97;32,84;52,18;0,524;4,49;1,4;21,1
2026-04-30;06:00;EST-02;25,98;38,44;;40,98;57,72;0,642;0,18;4,24;281,4
2026-04-30;07:00;EST-02;35,01;64,85;24,89;40,61;39,12;0,697;5,35;;128,3
2026-04-30;08:00;EST-02;28,3;60,18;28,17;26,59;33,51;1,021;3,85;2,74;192,8
2026-04-30;09:00;EST-02;27,22;38,84;34,94;48,14;45,29;0,954;3,15;0,31;130,9
2026-04-30;10:00;EST-02;42,11;76,24;41,7;52,98;44,74;0,878;1,38;;23,2
2026-04-30;11:00;EST-02;34,19;48,89;35,5;55,69;;1,095;4,8;3,09;138,7
2026-04-30;12:00;EST-02;28,85;42,85;32,99;33,7;51,31;1,269;1,24;2,91;287,7
2026-04-30;13:00;EST-02;24,52;37,6;47,89;71,46;45,6;1,285;2,5;3,54;252,2
2026-04-30;14:00;EST-02;31,79;47,64;40,02;51,48;60,66;1,024;4,98;2,76;89,4
2026-04-30;15:00;EST-02;35,84;56,28;40,47;62,77;69,15;1,361;3,41;4,05;319,3
2026-04-30;16:00;EST-02;33,49;56,01;44,86;;;1,05;3,9;1,36;109,1
2026-04-30;17:00;EST-02;;;47;60,55;87,56;1,143;3,9;0,25;180,1
2026-04-30;18:00;EST-02;37,57;69,46;36,37;41,73;73,58;0,872;6,56;4,95;97,2
2026-04-30;19:00;EST-02;27,82;53,81;27,7;39,19;84,1;0,774;2,73;1,43;135
2026-04-30;20:00;EST-02;28,01;53,31;39,57;56,32;80,39;0,71;4;1,67;93,4
2026-04-30;21:00;EST-02;28,62;43,36;26,46;35,57;79,41;0,63;5,52;0;
2026-04-30;22:00;EST-02;26,54;46,13;28,63;34,41;73,83;0,445;3,51;3,55;240,4
2026-04-30;23:00;EST-02;27,6;29,96;21;38,74;75,12;0,393;2,69;0;164,5
2026-04-01;00:00;EST-03;34,76;52,13;24,02;14,97;54,21;0,632;5,23;0,55;41,3
2026-04-01;01:00;EST-03;30,02;40,85;;20,17;;0,502;5,75;0,17;317
2026-04-01;02:00;EST-03;28,93;45,76;23,94;28,23;35,89;0,574;4,66;0,27;
2026-04-01;03:00;EST-03;28,35;42,84;21,5;34,39;44,02;0,249;6,26;2,23;227,9
2026-04-01;04:00;EST-03;33,31;49,28;24;36,04;34,75;0,487;2,49;3,78;341,3
2026-04-01;05:00;EST-03;32,83;42,89;27,41;28,96;39,64;0,17;0,92;4,28;235,1
2026-04-01;06:00;EST-03;30,58;43,48;;36,01;34,62;0,832;3,63;2,59;156,6
2026-04-01;07:00;EST-03;31,52;51,5;30,55;38,88;36,64;0,924;4,29;4,22;74,1
2026-04-01;08:00;EST-03;38,34;57,68;33,97;45,93;;0,919;4,25;3,82;63
2026-04-01;09:00;EST-03;38,58;67,82;;58,44;;0,769;4,4;2,95;354,1
2026-04-01;10:00;EST-03;37,9;53,14;37,86;53,32;32,3;1,012;4,13;1,27;164,3
2026-04-01;11:00;EST-03;33,77;67,76;41,52;48,76;33,95;1,255;3,18;0,45;21,3
2026-04-01;12:00;EST-03;35,8;61,2;48,34;69,87;58,38;0,888;2,36;2,12;263,6
2026-04-01;13:00;EST-03;45,06;79,82;40,69;51,54;;1,069;6,99;2,13;8,6
2026-04-01;14:00;EST-03;;55,77;45,26;54,59;52,23;1,112;2,72;2,84;9,8
2026-04-01;15:00;EST-03;36,98;61,4;40,32;61,9;57,94;1,114;2,41;2,14;311,2
2026-04-01;16:00;EST-03;37,21;52,67;48,25;63,78;65,7;1,056;6,56;;
2026-04-01;17:00;EST-03;32,63;50,45;49,07;70,04;81,77;1,042;4,51;5,36;76,3
2026-04-01;18:00;EST-03;29,45;42,35;44,07;48,81;74,9;1,079;8,03;4,07;289,4
2026-04-01;19:00;EST-03;40,47;67,99;;40,25;;0,898;4,35;0;193,2
2026-04-01;20:00;EST-03;34,11;57,87;43,13;61,87;68,54;0,527;5,37;1,2;64,1
2026-04-01;21:00;EST-03;38,55;52,42;35,18;59,59;79,43;0,382;2,29;0,58;108,5
2026-04-01;22:00;EST-03;33,65;37,66;28,5;46,3;72,21;0,622;3,27;0,91;45,6
2026-04-01;23:00;EST-03;31,38;53,9;31,41;44,66;74,71;0,461;1,11;3,22;48,4
2026-04-02;00:00;EST-03;32,52;44,45;35,29;55,1;62,27;0,313;6,15;0,85;265,5
2026-04-02;01:00;EST-03;27,68;54,62;24,42;46,83;54,77;0,416;5,61;3,49;163,4
2026-04-02;02:00;EST-03;28,05;45,39;31,24;38,1;57,44;0,367;4,41;2,63;314,1
2026-04-02;03:00;EST-03;29,09;47,42;24,83;47,34;54,88;0,457;2,47;1,26;223
2026-04-02;04:00;EST-03;26,5;43,08;28,14;36,91;37,99;0,336;2,91;1,44;83,6
2026-04-02;05:00;EST-03;31,14;46,67;28,46;45,19;37,79;0,652;1,46;4,26;270,2
2026-04-02;06:00;EST-03;31,81;46,73;23,86;20,07;32,1;0,688;2,08;0,18;300,8
2026-04-02;07:00;EST-03;31,43;48,21;31,77;52,74;42,18;0,997;0,75;1,22;282,8
2026-04-02;08:00;EST-03;32,18;56,66;36,04;63,08;40,26;0,959;;2,35;324,5
2026-04-02;09:00;EST-03;29,01;55,25;41,32;55,08;42,51;0,809;0,32;4,01;117,2
2026-04-02;10:00;EST-03;35,22;57,58;41,93;65,49;40,16;1,082;;2,94;357,4
2026-04-02;11:00;EST-03;43,08;60,51;40,34;45,92;35,48;1,085;2,94;4,22;152
2026-04-02;12:00;EST-03;35,61;56,18;49,76;76,93;37,17;1,044;4,95;3,03;298,5
2026-04-02;13:00;EST-03;40,86;60,03;;75,89;42,03;1,107;2,91;2,74;188,1
2026-04-02;14:00;EST-03;33,42;45,1;47,75;;54,63;1,241;2,76;2,78;45
2026-04-02;15:00;EST-03;36,82;74,14;50,53;68,44;56,04;0,757;6,14;3,68;
2026-04-02;16:00;EST-03;31,74;43,85;45,88;63,52;;1,159;;3,05;175,2
2026-04-02;17:00;EST-03;28,47;38,15;40,25;64,99;79,43;1,058;2,78;0;198,9
2026-04-02;18:00;EST-03;33,8;71,83;36,3;67,67;75,81;0,846;4,46;3,66;59,2
2026-04-02;19:00;EST-03;38,39;;40,57;56,67;66,27;0,892;4,35;0;50,8
2026-04-02;20:00;EST-03;33,61;46;33,33;44,17;85,58;0,833;6,07;2,32;35,2
2026-04-02;21:00;EST-03;35,65;53,1;30,73;34,6;73,76;0,856;5,87;4,88;173,9
2026-04-02;22:00;EST-03;23,82;30,94;20,96;34,4;67,16;0,527;3,57;3,07;208,4
2026-04-02;23:00;EST-03;26,14;41,83;33,92;47,29;63,39;0,195;5,91;1,4;358,4
2026-04-03;00:00;EST-03;23,67;29,24;21,53;28,24;56,75;0,481;3,51;5,83;117,2
2026-04-03;01:00;EST-03;30,78;50,3;20,19;29,03;63,79;0,428;6,77;0;78,9
2026-04-03;02:00;EST-03;35,9;62,91;27,7;48,65;42,5;0,519;6,13;1,51;34,3
2026-04-03;03:00;EST-03;30,92;36,32;27,25;32,39;55,81;0,496;2,8;4,75;
2026-04-03;04:00;EST-03;27,22;42,65;28,92;37,58;41,99;0,459;1,87;0;189
2026-04-03;05:00;EST-03;23,22;31,19;19,07;13,51;42,42;0,484;3,48;0,53;151,7
2026-04-03;06:00;EST-03;33,51;53,3;34,11;55,48;35,17;0,322;2,49;2,35;
2026-04-03;07:00;EST-03;;46,41;44,56;58,48;34,66;0,5;6,49;3,81;207,6
2026-04-03;08:00;EST-03;;;33,49;60,56;37,8;0,467;;;69,4
2026-04-03;09:00;EST-03;36,67;48,23;38,93;56,19;36,86;0,99;6,99;3,12;135,8
2026-04-03;10:00;EST-03;40,59;;44,58;64,06;39,27;1,038;4,04;5,75;156,3
2026-04-03;11:00;EST-03;41,45;65,56;34,67;47,03;36,58;1,169;4,18;0,97;253,1
2026-04-03;12:00;EST-03;41,82;76,44;44,85;62,5;48,22;1,06;4,26;2,24;89,6
2026-04-03;13:00;EST-03;38,37;58,75;43,45;63,74;56,46;1,059;3,33;1,35;200,2
2026-04-03;14:00;EST-03;35,62;55,82;;69,66;47,66;1,394;5,89;1,15;249,4
2026-04-03;15:00;EST-03;39,17;61,74;46,45;64,82;62,45;1,214;3,33;0;327,6
2026-04-03;16:00;EST-03;35,97;62,22;46,07;61,71;70,14;1,177;4,33;;83,3
2026-04-03;17:00;EST-03;33,98;52,42;35,88;56,05;64,65;1,012;2,97;2,59;
2026-04-03;18:00;EST-03;27,03;45,99;29,43;48,04;80,67;0,975;6,6;2,46;88,2
2026-04-03;19:00;EST-03;33,21;38,95;37,19;65,73;76,53;0,826;4,66;3,96;182,9
2026-04-03;20:00;EST-03;44,51;68,1;40,01;62,11;69,8;0,736;6,04;2,72;327,6
2026-04-03;21:00;EST-03;26,42;46,21;33,85;46,88;75,48;0,635;2,82;2,14;281
2026-04-03;22:00;EST-03;40,72;70,63;25,16;51,51;68,72;0,604;5,79;0;324
2026-04-03;23:00;EST-03;28,88;47,44;29,78;41,07;67,4;0,677;4,6;2,56;139,9
2026-04-04;00:00;EST-03;37,88;61,64;23,77;18;55,4;0,384;3,78;1,67;337,2
2026-04-04;01:00;EST-03;27,86;39,09;28,4;50,72;52,53;0,45;0,19;0,29;359,9
2026-04-04;02:00;EST-03;30,2;44,78;30,67;;49,1;0,405;4,07;1,32;358,5
2026-04-04;03:00;EST-03;29,07;47,2;23,33;36,18;56,23;0,663;2,48;4,15;209,6
2026-04-04;04:00;EST-03;34,43;54,54;25,4;43,05;49,73;0,688;4,4;2,34;123,3
2026-04-04;05:00;EST-03;24,73;;22,42;37,91;32;0,442;3,08;4,31;325,9
2026-04-04;06:00;EST-03;33,81;;34,52;55,12;;;3,54;2,47;56,5
2026-04-04;07:00;EST-03;30,01;54,87;32,48;38,11;31,93;0,986;5,33;4,07;81,6
2026-04-04;08:00;EST-03;31,24;45,9;35,92;48,9;31,06;0,745;2,41;2,23;339,7
2026-04-04;09:00;EST-03;28,98;48,45;44,49;60,82;31,51;1,042;2,03;2,47;21,2
2026-04-04;10:00;EST-03;28,52;44,72;33,68;47,06;43,37;1,278;4,19;4,03;98,9
2026-04-04;11:00;EST-03;35,3;44,92;50,2;61,89;48,15;1,163;2,05;2,97;
2026-04-04;12:00;EST-03;43,61;66,69;40,1;56,94;43,01;1,326;5,48;0;286,7
2026-04-04;13:00;EST-03;37,15;59,66;45,9;73,86;54,69;1,074;3,88;1,83;133,3
2026-04-04;14:00;EST-03;37,56;71,17;36,44;50,82;53,66;1,243;2,07;0,36;209,9
2026-04-04;15:00;EST-03;43,19;63,2;;75,86;54,77;1,238;6,13;;310,6
2026-04-04;16:00;EST-03;34,61;57,19;;68,54;61,04;1,209;5,24;3,52;342,3
2026-04-04;17:00;EST-03;34,7;56,81;48,38;65,83;68,01;0,929;7,73;2,73;74,1
2026-04-04;18:00;EST-03;36,12;58,3;32,5;28,29;78,83;1,012;4,41;0,63;258,9
2026-04-04;19:00;EST-03;39,28;73,3;34,48;;74,46;0,885;7,7;1,82;208,6
2026-04-04;20:00;EST-03;35,53;56,74;41,86;60,93;73,42;1,007;6,5;4,3;178,1
2026-04-04;21:00;EST-03;35,13;53,53;34,61;50,15;73,11;0,788;4,52;3,52;190,4
2026-04-04;22:00;EST-03;37,99;65,46;32,71;49,75;78,26;0,753;3,77;3,99;138,4
2026-04-04;23:00;EST-03;38,84;68,73;24,8;53,37;55,53;0,613;2,61;5,32;8,4
2026-04-05;00:00;EST-03;27,36;42,18;22,77;29,43;62,03;;4,54;3,09;119,6
2026-04-05;01:00;EST-03;23,5;39,47;28;45,04;;0,65;5,99;6,52;173,2
2026-04-05;02:00;EST-03;22,97;23,57;24,96;38,98;53,54;0,506;3,46;1,46;204,8
2026-04-05;03:00;EST-03;29,34;52;;29,76;52,24;0,384;6,23;;18,3
2026-04-05;04:00;EST-03;31,75;53,23;22,01;41,57;55,55;0,359;6,97;0;252,6
2026-04-05;05:00;EST-03;27,74;50,24;23,12;31,82;35;0,485;7,66;2,34;221,8
2026-04-05;06:00;EST-03;30,46;57,68;21,87;28,33;33,46;0,831;4,37;0;301,7
2026-04-05;07:00;EST-03;28,91;51,87;36,44;48,61;31,39;0,804;1,74;3,19;259,4
2026-04-05;08:00;EST-03;32,9;55,03;35,51;53,69;26;0,892;6,05;2,98;329,7
2026-04-05;09:00;EST-03;;60,7;37,91;43,9;39,6;0,658;4,57;1,92;31,2
2026-04-05;10:00;EST-03;;;42,56;60,04;32,98;1,201;4,41;3,45;114,4
2026-04-05;11:00;EST-03;42,43;;40,56;45,34;41,1;1,247;4,71;0;331,5
2026-04-05;12:00;EST-03;41,19;64,1;48,6;73,07;39,89;1,337;1,47;2,41;3,5
2026-04-05;13:00;EST-03;34,56;57,12;51,21;81,68;53,17;0,932;1,33;2,75;1,5
2026-04-05;14:00;EST-03;36,01;69,04;45,53;68,08;59,93;1,208;9,18;;303,1
2026-04-05;15:00;EST-03;34,09;63,92;48,67;63,78;53,99;1,394;4,72;4,62;227,2
2026-04-05;16:00;EST-03;39,51;65,02;40,54;55,6;56,89;1,221;5,52;3,99;
2026-04-05;17:00;EST-03;36,32;67,42;46,53;76,25;76,85;1,064;4,78;3,66;36
2026-04-05;18:00;EST-03;31,49;42,59;39,46;52,58;62,71;1,022;3,81;4,27;34,1
2026-04-05;19:00;EST-03;36,86;;40,82;57,22;71,88;0,774;3,07;2,23;355,6
2026-04-05;20:00;EST-03;36,04;68,62;38,37;57,11;72,16;0,644;2,86;1,45;221,7
2026-04-05;21:00;EST-03;28,93;55,9;34,25;44,94;75,71;0,403;4,56;4,42;228,9
2026-04-05;22:00;EST-03;24,91;37,38;36,4;53,02;62,81;0,955;1,49;2,14;
2026-04-05;23:00;EST-03;27,03;40,53;31,11;53,88;65,83;0,366;4,96;3,26;139,1
2026-04-06;00:00;EST-03;31,64;49,95;;36,11;70,42;0,788;4,36;2,49;206,3
2026-04-06;01:00;EST-03;27,5;;27,55;35,2;64,59;0,416;2,06;3,03;54,1
2026-04-06;02:00;EST-03;33,84;59,14;24,45;30,46;54,01;0,454;4,97;2,95;230
2026-04-06;03:00;EST-03;34,12;50,55;37,74;58,94;42,06;0,441;5,55;1,98;176,8
2026-04-06;04:00;EST-03;26,38;45,46;17,57;13;47,22;0,42;2,61;1,76;120,2
2026-04-06;05:00;EST-03;33,11;;25,25;38,12;38,32;0,411;0,02;3,05;47,6
2026-04-06;06:00;EST-03;29,93;41,66;30,06;45,93;;;5,41;2,34;112,5
2026-04-06;07:00;EST-03;33,16;53,33;38,89;47,27;34,82;0,875;;1,95;215,8
2026-04-06;08:00;EST-03;24,92;52,33;36,54;46,49;36,1;0,658;3,34;1,09;77,4
2026-04-06;09:00;EST-03;26,62;33;42,69;51,88;37,89;1,047;4,03;2,05;278,5
2026-04-06;10:00;EST-03;34,33;62,16;49,38;80,73;23,77;0,934;4,01;3,19;221,2
2026-04-06;11:00;EST-03;29,85;55,61;;43,09;;1,141;2,35;2,86;205,8
2026-04-06;12:00;EST-03;30,49;57,33;45,65;61,24;;1,366;;4,22;236,6
2026-04-06;13:00;EST-03;38,07;;41,91;57,91;45,32;1,246;1,36;;7,2
2026-04-06;14:00;EST-03;37,19;62,2;43,18;55,08;57,26;1,288;2,99;1,61;283,3
2026-04-06;15:00;EST-03;35,66;66,2;46,24;64,86;53,58;1,297;2,78;1,52;33,6
2026-04-06;16:00;EST-03;39,01;47,4;42,87;61,02;61,96;1,17;0,38;0;170,2
2026-04-06;17:00;EST-03;37,96;41,38;37,85;37,61;66,69;1,377;3,57;2,34;24,2
2026-04-06;18:00;EST-03;36,09;56,45;44,63;66,26;73,05;0,979;;3,88;220,4
2026-04-06;19:00;EST-03;33,23;60,56;;56,76;76,15;0,758;5,02;1,52;226
2026-04-06;20:00;EST-03;32,05;50,49;39,71;;67,25;;4,54;3,01;328,7
2026-04-06;21:00;EST-03;;67,81;29,28;35,22;71,95;0,647;6,51;3,98;316,8
2026-04-06;22:00;EST-03;34,71;60,48;;45,63;74,89;0,673;2,44;1,48;152,3
2026-04-06;23:00;EST-03;;36,51;31,31;46,6;60,11;0,481;3,63;2,77;
2026-04-07;00:00;EST-03;25,12;43,31;18,67;24,28;62,04;;4,51;4,9;352,7
2026-04-07;01:00;EST-03;33,64;38,76;32,31;28,89;73,79;0,355;6,58;;99,7
2026-04-07;02:00;EST-03;28,56;40,67;28,94;37,12;49,09;0,481;2,21;2,01;232
2026-04-07;03:00;EST-03;27,57;41,16;33,02;44,59;46,67;0,387;4,91;0,95;99,7
2026-04-07;04:00;EST-03;31,56;39,76;35,31;61,12;39,2;;4,46;0,36;82,6
2026-04-07;05:00;EST-03;29,3;56,61;23,81;32,43;47,46;0,469;4,54;4,14;16,2
2026-04-07;06:00;EST-03;26,95;34,37;32,92;49,19;43,05;0,559;1,14;0;
2026-04-07;07:00;EST-03;35,07;56,94;33,81;35,88;29,91;;5,32;1,35;293,3
2026-04-07;08:00;EST-03;31,94;49,21;45,25;61,84;26,86;0,791;4,53;0,58;234,8
2026-04-07;09:00;EST-03;39,87;64,63;33,6;42,81;24,73;0,883;4,62;1,16;39,3
2026-04-07;10:00;EST-03;39,17;51,91;31,14;35,72;46,12;1,134;7,25;2,52;232,6
2026-04-07;11:00;EST-03;31,84;53,04;41,09;55,65;49,57;1,064;6,66;0,12;
2026-04-07;12:00;EST-03;35,97;61,8;47,99;63,21;48,91;1,277;2,57;1,45;45,9
2026-04-07;13:00;EST-03;37,4;68,2;48,17;66,88;52,46;0,879;2,77;2,93;314
2026-04-07;14:00;EST-03;38,8;70,83;49,34;65,17;53,16;1,261;3,1;4,8;166,2
2026-04-07;15:00;EST-03;39,13;67,02;43,09;56,02;58,72;1,308;3;0,9;124
2026-04-07;16:00;EST-03;39,06;68,55;47,46;83,88;70,69;1,038;4,94;1,66;191,2
2026-04-07;17:00;EST-03;31,18;48,17;44,8;62,19;61,55;0,854;8,22;2,99;
2026-04-07;18:00;EST-03;37,85;73,69;;38,05;87,23;0,723;3,59;0,8;242,6
2026-04-07;19:00;EST-03;36,17;45,45;37,14;61,17;68,26;0,695;3,72;1,99;196,1
2026-04-07;20:00;EST-03;29,25;49,91;37,98;44,64;68,44;0,82;2,07;2,77;131,2
2026-04-07;21:00;EST-03;32,73;45,08;34,37;;72,42;0,768;5,38;2,55;192,7
2026-04-07;22:00;EST-03;33,28;65,63;36;57,07;72,11;0,449;6,25;2,72;255,1
2026-04-07;23:00;EST-03;30,2;;33,22;51,97;69,23;0,511;2,64;0;207,8
2026-04-08;00:00;EST-03;27,57;38,75;;45,39;63,23;0,665;2,43;2,3;280,7
2026-04-08;01:00;EST-03;29,43;53,64;25,87;37,29;49,25;;6,19;0;20,9
2026-04-08;02:00;EST-03;32;46,71;20,84;44,34;62,47;;4,27;1,53;2,4
2026-04-08;03:00;EST-03;27,44;43,43;34,39;47,38;42,54;0,209;4,25;1,36;187,6
2026-04-08;04:00;EST-03;24,06;42,63;21,04;29,82;41,97;0,711;4,34;5,42;35,4
2026-04-08;05:00;EST-03;36,87;57,74;29,66;51,27;45,29;0,597;3,34;2,26;213,5
2026-04-08;06:00;EST-03;37,38;56,26;26,28;29,56;41,66;0,461;5,64;3,32;60,4
2026-04-08;07:00;EST-03;39,22;53,98;40,71;59,54;22,24;0,935;5,94;1,86;307,6
2026-04-08;08:00;EST-03;27,72;58,85;30,38;32,43;;0,554;2,04;3,99;
2026-04-08;09:00;EST-03;33,49;53,69;35,38;49,03;30,11;0,816;2,78;1,41;312,9
2026-04-08;10:00;EST-03;39,08;56,93;34,03;46,38;49,61;0,846;3,68;2,63;275,3
2026-04-08;11:00;EST-03;35;62,92;44,34;68,85;43,39;1,217;7,17;4,5;358,7
2026-04-08;12:00;EST-03;42,33;63,72;47,9;72,74;55,52;1,001;5,12;1,48;299,5
2026-04-08;13:00;EST-03;37;;37,61;59;50,06;1,209;7,9;1,93;231,3
2026-04-08;14:00;EST-03;38,4;62,63;56,11;79,06;50,6;1,481;3,38;0,09;294,4
2026-04-08;15:00;EST-03;32,88;41,8;42,84;59,42;66,26;1,281;5,17;1,16;291,4
2026-04-08;16:00;EST-03;43,03;;45,77;53,96;70,33;1,414;4,65;1,61;188
2026-04-08;17:00;EST-03;35,15;54,07;45,31;65,67;74,17;1,138;2,27;1,75;158,9
2026-04-08;18:00;EST-03;35,25;67,17;49,77;76,38;72,03;0,796;4,44;1,31;261,6
2026-04-08;19:00;EST-03;28,61;48,08;33,22;46,43;77,31;1,057;3,88;3,64;351,6
2026-04-08;20:00;EST-03;34,98;61,98;36,66;47,09;72,33;0,952;1,82;1,08;155,6
2026-04-08;21:00;EST-03;31,21;41,21;39,17;46,04;72,12;0,604;3,4;1,17;334,4
2026-04-08;22:00;EST-03;32,44;57,81;26,95;54,8;59,89;0,362;7,51;3,21;52,9
2026-04-08;23:00;EST-03;32,9;;;33,47;73,05;0,616;6,86;5,15;108,7
2026-04-09;00:00;EST-03;25,63;51,64;;32,45;62,46;0,389;5,53;2,87;109,6
2026-04-09;01:00;EST-03;26,87;41,95;21,49;28,5;58,46;0,69;;0;
2026-04-09;02:00;EST-03;31,8;50,09;22,81;;65,63;0,408;0,52;2,99;211,6
2026-04-09;03:00;EST-03;30,76;43,81;20,39;21,2;57,95;0,403;0,64;3,08;141
2026-04-09;04:00;EST-03;28,74;39,86;21,02;38,12;45,49;0,525;4,49;2,99;121,9
2026-04-09;05:00;EST-03;30,35;55,55;35;39,23;38,61;0,643;7,76;5,17;288,8
2026-04-09;06:00;EST-03;37,1;59,71;35,22;55,62;29,1;0,682;6,01;2,47;232,5
2026-04-09;07:00;EST-03;26,68;46,79;33,46;39,46;32,73;0,72;2,88;2,5;202,8
2026-04-09;08:00;EST-03;39,4;63,13;29,5;21,63;40,17;0,884;4,42;3,8;298,3
2026-04-09;09:00;EST-03;35,81;55,78;35,5;53,07;43,06;;6,95;3,06;206,5
2026-04-09;10:00;EST-03;45,62;82,91;48,39;61,37;49,83;;3,55;0;8,8
2026-04-09;11:00;EST-03;32,5;54,44;36,26;65,15;43,17;1,425;1,95;4,82;356,5
2026-04-09;12:00;EST-03;38,3;57,48;41,42;53,86;38,51;0,957;3,12;2,67;204,8
2026-04-09;13:00;EST-03;39,05;;37,27;48,71;53,09;1,238;2,28;3,9;283
2026-04-09;14:00;EST-03;34,89;58,75;45,03;58,86;50,66;1,04;3,21;;340,2
2026-04-09;15:00;EST-03;41,7;69,81;41,6;45,04;53,62;1,086;2,5;3,97;12,7
2026-04-09;16:00;EST-03;46,31;69,52;51,65;85,04;62,61;1,217;6,48;2,41;53
2026-04-09;17:00;EST-03;34,32;40,75;42,42;53,71;61,69;1,146;1,1;3,71;144,3
2026-04-09;18:00;EST-03;34,4;54,66;34,05;53,67;72,44;1,039;5;1,54;80,8
2026-04-09;19:00;EST-03;38,86;66,32;34,91;52,15;80,87;1,074;2,87;0,27;79,7
2026-04-09;20:00;EST-03;32,75;61,18;31,36;39,13;70,3;0,72;;0,58;33,9
2026-04-09;21:00;EST-03;32,39;66,69;26,54;;;0,635;3,21;1,12;112,9
2026-04-09;22:00;EST-03;32;51,32;21,99;49,13;69,76;0,61;2,75;2,1;278,5
2026-04-09;23:00;EST-03;31,16;49,77;31,95;46,55;72,37;0,516;4,46;2,14;112,8
2026-04-10;00:00;EST-03;31,83;49,97;25,4;34,69;64,18;0,445;2,88;;243,1
2026-04-10;01:00;EST-03;37,27;56,01;28,67;24,87;64,15;0,195;2,03;3;346,7
2026-04-10;02:00;EST-03;26,97;40,24;28,65;32,64;53,68;0,343;5,64;3,77;256,1
2026-04-10;03:00;EST-03;34,32;51,24;26,52;29,62;51,05;0,796;4,25;1,81;6,8
2026-04-10;04:00;EST-03;24,66;48,15;27,9;30,67;37,9;0,456;5,86;0,77;223,4
2026-04-10;05:00;EST-03;30,81;43,71;25,59;49,82;31,53;0,407;5,91;2,82;293,4
2026-04-10;06:00;EST-03;35,86;;31,66;39,42;33,93;0,643;1,38;4,49;261
2026-04-10;07:00;EST-03;32,02;53,37;38,34;69,32;;0,436;3,37;3,25;291,5
2026-04-10;08:00;EST-03;41,13;75,59;30,92;41,99;29,5;0,771;3,55;3,93;311,9
2026-04-10;09:00;EST-03;24,57;29,68;32,45;40,18;35,8;0,742;1,58;1,11;
2026-04-10;10:00;EST-03;33,78;50,47;43,45;52,91;34,53;0,918;5,62;2,27;303,4
2026-04-10;11:00;EST-03;32,22;51,25;39,19;45,06;;;2,29;;206,4
2026-04-10;12:00;EST-03;31,63;45,88;41,41;54,73;;0,899;2,75;3,25;166
2026-04-10;13:00;EST-03;36,44;60,07;40,75;59,78;39,7;1,32;4,73;2,58;110,9
2026-04-10;14:00;EST-03;36,68;54,99;51,86;87,33;49,84;1,183;6,09;2,38;290,9
2026-04-10;15:00;EST-03;40,99;62,2;46,76;65,41;51,88;1,038;2,7;3,89;118,8
2026-04-10;16:00;EST-03;40,46;67,38;45,72;66,23;66,45;1,218;1,19;1,31;80,4
2026-04-10;17:00;EST-03;41,26;75,94;31,23;56,23;68,66;1,235;5,01;4,66;333,5
2026-04-10;18:00;EST-03;30,55;48,24;42,58;57,88;75,27;0,99;2,81;0,87;200,6
2026-04-10;19:00;EST-03;35,85;45,61;33,69;31,19;69,62;1,083;1,63;3,55;269,3
2026-04-10;20:00;EST-03;39,81;64,5;;44,05;64,56;0,804;4,8;4,14;195,4
2026-04-10;21:00;EST-03;33,74;54,94;31,75;43,88;68,19;0,738;4,39;1,84;238,8
2026-04-10;22:00;EST-03;36,11;61,84;;35,5;65,85;0,614;;4,42;112,7
2026-04-10;23:00;EST-03;35,78;63,56;26,58;;78,59;0,492;1,29;4,01;95,6
2026-04-11;00:00;EST-03;;59,95;26,24;48,94;54,77;;2,23;0;169
2026-04-11;01:00;EST-03;27,91;50,08;27,29;43,06;56,44;0,299;4,18;;46
2026-04-11;02:00;EST-03;27,19;36,31;26,02;32;53,57;0,364;3,11;2,94;288,2
2026-04-11;03:00;EST-03;;65,34;33,31;;39,22;0,411;5,72;3,55;42,6
2026-04-11;04:00;EST-03;20,39;40,14;28,02;26,87;48,34;0,479;4,76;4;242,2
2026-04-11;05:00;EST-03;25,28;39,59;19,84;32,97;48,25;;2,66;1,18;63,5
2026-04-11;06:00;EST-03;;51,18;33,26;55,09;43,29;0,432;6,77;4,7;
2026-04-11;07:00;EST-03;30,49;47,84;28,65;32,24;;0,698;5,7;4,46;153,3
2026-04-11;08:00;EST-03;33,85;53,53;31,82;50,44;36,18;0,821;4,72;3,42;339,9
2026-04-11;09:00;EST-03;31,68;56,07;38,87;50,93;36,09;0,955;6,16;0,93;132,6
2026-04-11;10:00;EST-03;36,09;54,71;37,32;44,23;26,23;1,102;7,96;0,07;252,7
2026-04-11;11:00;EST-03;39,83;63,46;46,24;63,93;36,37;1,049;0;0,78;20,1
2026-04-11;12:00;EST-03;42,23;76,01;45,86;46,16;40,19;1,345;7,25;4,54;189
2026-04-11;13:00;EST-03;32,64;51,98;44,73;75,15;50,19;1,189;4,15;3,1;356,8
2026-04-11;14:00;EST-03;35,1;49,82;51,85;59,47;63,83;0,913;2,83;3,96;225
2026-04-11;15:00;EST-03;32,6;54,72;44,99;61,26;55,43;1,181;2,84;6,15;231,5
2026-04-11;16:00;EST-03;35,97;54,3;52,55;60,45;66,16;1,111;1,15;1,27;9,8
2026-04-11;17:00;EST-03;33,37;54,95;50,72;72,37;59,42;0,956;3,43;1,97;183,8
2026-04-11;18:00;EST-03;37,25;69,98;39,98;46,76;78,24;1,189;4,46;2,13;146,5
2026-04-11;19:00;EST-03;34,19;42,37;40,41;63,71;81,97;0,794;4,45;2,87;48,2
2026-04-11;20:00;EST-03;34,46;55,36;36,06;56,41;81,32;0,687;;1,87;147,8
2026-04-11;21:00;EST-03;26,5;42,55;34,81;47,49;73,26;0,759;6,82;1,87;222,6
2026-04-11;22:00;EST-03;31,64;61,92;24,2;39,07;78,27;0,245;4,82;3,41;278,3
2026-04-11;23:00;EST-03;28,59;42,19;;34,38;65,2;0,465;6,38;0,68;87,6
2026-04-12;00:00;EST-03;35,36;55,43;24,4;33,27;65,26;0,375;5,01;1,06;5,6
2026-04-12;01:00;EST-03;21,28;41,08;24,46;39,61;62,04;0,496;3,98;3,08;340,8
2026-04-12;02:00;EST-03;25,32;39,9;21,6;41,65;56,25;0,293;3,46;2,7;272
2026-04-12;03:00;EST-03;31,22;50,37;18,39;8,54;46,58;0,498;3,28;4,35;226,9
2026-04-12;04:00;EST-03;35,96;64,45;31,6;;44,1;;4,54;3,33;256,5
2026-04-12;05:00;EST-03;38,85;57,41;17,96;22,33;25,17;0,354;9,12;1,93;309,4
2026-04-12;06:00;EST-03;32,1;45,98;34,32;40,94;38,3;;9,2;3,26;194,1
2026-04-12;07:00;EST-03;31,79;47,55;28,61;33,74;44,75;0,614;0;0,75;199,7
2026-04-12;08:00;EST-03;32,99;51,98;40,85;;37,79;0,7;5,15;1,91;
2026-04-12;09:00;EST-03;31,53;55,36;41,33;56,54;31,85;1,143;5,18;1,91;107,5
2026-04-12;10:00;EST-03;40,1;64,85;39,18;55,77;38,71;0,991;6,41;4,39;259,2
2026-04-12;11:00;EST-03;42,33;67,77;45,52;71,77;45,97;1,22;5,26;5,44;209,1
2026-04-12;12:00;EST-03;36,84;57,66;41,82;42,64;52,25;;4,34;0,37;172,9
2026-04-12;13:00;EST-03;34,72;48,74;45,63;58,28;45,38;1,212;5,6;1,27;258,1
2026-04-12;14:00;EST-03;38,09;64,19;52,31;64,67;;1,376;7,95;1,01;297,1
2026-04-12;15:00;EST-03;39,39;59,55;40,86;59,16;68,47;0,99;7;1,64;279,6
2026-04-12;16:00;EST-03;43,83;72,08;42,17;64,79;62,96;1,225;;3,79;132,4
2026-04-12;17:00;EST-03;32,77;43,99;41,79;46,27;63,99;0,917;;1,01;217,2
2026-04-12;18:00;EST-03;36,99;69,31;39,42;54,88;79,07;1,132;4,85;1,63;154,4
2026-04-12;19:00;EST-03;29,59;43,61;44,75;;75,94;0,614;1,58;1,48;93,6
2026-04-12;20:00;EST-03;29;44,92;43,84;64,58;75,31;0,647;0,72;0,66;134,4
2026-04-12;21:00;EST-03;33,26;55,53;27,59;39,8;82,13;0,99;5,54;2,24;329,5
2026-04-12;22:00;EST-03;37,41;47,81;37,41;48,02;68,11;0,547;4,64;0,83;231,1
2026-04-12;23:00;EST-03;33,27;54,55;29,83;39,17;72,3;0,676;5,99;3,14;32
2026-04-13;00:00;EST-03;34,02;70,49;32,43;44,69;58,53;0,414;3,34;3,27;64,6
2026-04-13;01:00;EST-03;34,91;47,51;17,18;22,97;54,12;0,225;2,73;1,36;0,2
2026-04-13;02:00;EST-03;27,52;40,79;24,98;43,08;62,82;0,422;4,45;2,23;342,7
2026-04-13;03:00;EST-03;31,7;58,67;15,9;20,38;50,86;0,41;2,12;;222,5
2026-04-13;04:00;EST-03;27,51;33,48;30,62;46,54;43,3;0,316;3,77;4,32;28,1
2026-04-13;05:00;EST-03;;36,1;27,8;34,94;43,71;0,68;4,56;3,34;232,2
2026-04-13;06:00;EST-03;32,04;43,5;24,86;24;35,79;0,635;;2,61;205,1
2026-04-13;07:00;EST-03;28,69;42,15;26,81;42,39;33,67;0,819;3,11;1,89;44,8
2026-04-13;08:00;EST-03;33,91;65,49;26,88;47,91;43,93;0,915;;4,64;19
2026-04-13;09:00;EST-03;32,21;49,21;34,74;41,06;41,34;0,788;3,94;0,33;315,9
2026-04-13;10:00;EST-03;31,38;43,12;39,45;63,69;39,32;;;2;260,5
2026-04-13;11:00;EST-03;34,58;60,33;48,25;60,82;35,69;1,001;1,07;1,8;208,1
2026-04-13;12:00;EST-03;33,28;61,2;41,49;75;39,91;1,125;2,18;1,47;
2026-04-13;13:00;EST-03;39,76;69,79;38,08;58,55;;0,986;4,48;2,84;1,1
2026-04-13;14:00;EST-03;40,87;70,63;52,35;63,77;;1,482;3,27;0;358
2026-04-13;15:00;EST-03;36,02;69,71;44,74;57,71;55,06;0,988;5,75;2,36;307,9
2026-04-13;16:00;EST-03;39,98;68,94;42,45;50,7;58,76;0,941;5,82;1,92;
2026-04-13;17:00;EST-03;37,37;58,04;36,22;53,13;66,83;1,218;2,57;3,42;255,6
2026-04-13;18:00;EST-03;37,09;64,06;;75,19;73,55;1,105;3,93;1,34;214,3
2026-04-13;19:00;EST-03;40,1;58,11;41,32;61,17;78,83;0,826;2,42;3,07;154,5
2026-04-13;20:00;EST-03;29,08;58,15;31,04;35,51;72,55;0,988;0;4,25;
2026-04-13;21:00;EST-03;34,02;50,38;42,37;60,32;69,07;0,651;4,18;2,77;104,3
2026-04-13;22:00;EST-03;31,99;42,93;28,3;44,47;67,3;0,701;4,06;2,17;350
2026-04-13;23:00;EST-03;;34,7;34,09;62,37;81,86;0,525;4,92;3,73;313
2026-04-14;00:00;EST-03;31,79;56,42;28,64;44,27;58,49;0,404;2,95;0,72;358,8
2026-04-14;01:00;EST-03;28,44;43,92;25,87;40,66;60,31;0,375;;3,82;318,1
2026-04-14;02:00;EST-03;28,26;44,11;21,34;25,63;50,63;0,357;5,31;3,11;255,8
2026-04-14;03:00;EST-03;34,98;67,71;28,14;43,74;;0,538;2,69;0,29;258,9
2026-04-14;04:00;EST-03;25,54;;21,94;39,73;51,58;0,533;6,49;2,51;175
2026-04-14;05:00;EST-03;;49,25;28,28;38,37;38,36;0,269;4,77;0,42;224,6
2026-04-14;06:00;EST-03;30,62;44,46;25,69;11,14;31,57;0,574;2,73;3,08;27,9
2026-04-14;07:00;EST-03;35,03;62,21;37,96;44,99;37,32;0,846;3,13;1,31;332,2
2026-04-14;08:00;EST-03;28,07;38,39;31,67;47,94;35,31;0,955;2,16;1,04;63,1
2026-04-14;09:00;EST-03;31,84;47,32;28,3;41,95;43,93;0,749;6,04;2,41;66,7
2026-04-14;10:00;EST-03;32,42;;38,42;57,14;47,77;0,785;3,03;;116,1
2026-04-14;11:00;EST-03;37,21;59,55;33;46,35;32,63;1,085;6,54;3,19;239,5
2026-04-14;12:00;EST-03;35,35;56,96;46,48;68,78;43,4;1,179;1,37;1,4;157
2026-04-14;13:00;EST-03;41,23;66,53;52,05;76,94;47,42;;6,88;3,66;354,2
2026-04-14;14:00;EST-03;46,67;66,95;38,58;31,1;59,51;1,298;4,2;0,66;5,3
2026-04-14;15:00;EST-03;38,6;66,46;46,02;69,74;58,43;1,364;5,26;0,72;165,7
2026-04-14;16:00;EST-03;42,37;70,58;45,06;76,36;54,2;1,333;3,05;4,14;319,8
2026-04-14;17:00;EST-03;31,86;47,99;47,18;64,37;64,41;0,989;5,28;5,13;352,2
2026-04-14;18:00;EST-03;47,2;76,75;42,9;56,57;71,3;1,029;1,9;1,29;18,2
2026-04-14;19:00;EST-03;28,83;48,77;35,74;42,34;85,15;0,76;1,74;2,22;15,6
2026-04-14;20:00;EST-03;34,03;;36,17;49,65;69,79;0,897;3,78;1,76;80,6
2026-04-14;21:00;EST-03;32,48;58,52;38,55;;77,47;0,696;3,87;2,13;168,7
2026-04-14;22:00;EST-03;34,88;;34,13;46,84;75,31;0,393;1,66;0;253,1
2026-04-14;23:00;EST-03;37,57;55,48;23,41;35,45;65,59;0,302;9,09;2,44;178,9
2026-04-15;00:00;EST-03;27,86;43,53;25,46;46,07;63,52;0,732;3,14;3,14;268,5
2026-04-15;01:00;EST-03;34,92;63,74;23,98;33,53;44,3;0,384;6,18;;3,3
2026-04-15;02:00;EST-03;36,8;56,57;21,42;26,24;47,27;0,493;4,58;3,41;99,5
2026-04-15;03:00;EST-03;29,9;34,78;27,22;38,9;42,22;0,398;3,48;5,15;112,7
2026-04-15;04:00;EST-03;31,86;44,43;23,55;35,19;42,73;0,453;4,67;1,76;132,9
2026-04-15;05:00;EST-03;29,95;47,33;29,74;43,45;43,72;0,565;4,94;2,01;125,9
2026-04-15;06:00;EST-03;26,29;;38,81;36,64;43,84;0,477;6,37;0;234,5
2026-04-15;07:00;EST-03;38,78;66,33;30,73;27,47;26,75;0,905;3,3;2,39;196,5
2026-04-15;08:00;EST-03;28,79;48,51;32,9;48,41;;0,564;3,15;3,46;139,9
2026-04-15;09:00;EST-03;35,16;61,64;36,57;51,65;;;4,58;1,66;172,6
2026-04-15;10:00;EST-03;40,42;60,21;40,36;75,33;41,49;1,242;2,92;4,11;45,6
2026-04-15;11:00;EST-03;38,29;73,39;40,68;57,1;34,44;1,216;2,88;4,03;255,2
2026-04-15;12:00;EST-03;39,66;59,59;47,31;66,13;40,79;1,088;2,3;3,76;69,9
2026-04-15;13:00;EST-03;36,8;60,94;52,73;73,74;47,37;1,227;0;0,7;171,4
2026-04-15;14:00;EST-03;35,15;46,63;49,29;71,08;;1,096;4,16;3,27;52,6
2026-04-15;15:00;EST-03;39,64;58,65;45,15;72,35;66,57;1,386;4,57;2,55;281,6
2026-04-15;16:00;EST-03;30,23;40,31;42,82;59,08;72,47;1,344;2,63;3,73;291,9
2026-04-15;17:00;EST-03;39,56;;48,28;63,65;74,23;;6,59;2,46;135,2
2026-04-15;18:00;EST-03;27,85;42,23;46,78;62,07;75,6;1,005;6,13;2,79;354,9
2026-04-15;19:00;EST-03;35,26;66,03;40,08;55,18;86,85;1,077;5,63;2,98;76,7
2026-04-15;20:00;EST-03;37,05;;36,97;50,48;71;0,771;0,89;0;210,5
2026-04-15;21:00;EST-03;34,81;41,22;29,53;48,39;71,64;0,883;6,1;0,46;184,1
2026-04-15;22:00;EST-03;30,21;40;22,73;25,37;67,47;0,642;6,09;3,27;105,3
2026-04-15;23:00;EST-03;30,11;51,79;27,19;34,53;79,52;0,168;0,25;3,07;333,9
2026-04-16;00:00;EST-03;24,79;33,33;21,72;37,54;71,27;0,7;;0,45;31
2026-04-16;01:00;EST-03;35,29;58,97;25,74;37,88;58,84;0,245;5,03;2,22;351,8
2026-04-16;02:00;EST-03;32,3;49,12;26,14;35,59;59,35;0,433;2,23;2,98;54,1
2026-04-16;03:00;EST-03;32,18;57,71;22,26;36,51;38,47;0,396;3,45;4,67;4,8
2026-04-16;04:00;EST-03;32,97;;24,58;;58,85;0,354;4,15;2,69;254,9
2026-04-16;05:00;EST-03;29,07;48,94;28,36;21,3;36,46;0,67;5,18;4,33;119,3
2026-04-16;06:00;EST-03;37,12;59,13;37,96;53,17;;0,727;3,11;1,94;307,9
2026-04-16;07:00;EST-03;39,45;60;40,29;52,95;29,12;0,894;3,85;2,4;224,1
2026-04-16;08:00;EST-03;32,17;54,04;28,5;35,59;31,48;0,81;6,96;2,05;195,1
2026-04-16;09:00;EST-03;46,02;71,03;36,63;48,43;33,02;0,915;5,84;3,11;353,1
2026-04-16;10:00;EST-03;40,18;;41,88;67,5;30,01;1,375;2,97;1,97;128,6
2026-04-16;11:00;EST-03;32,1;57,2;53,42;70,25;41,94;1,116;6;5,83;31,6
2026-04-16;12:00;EST-03;36,51;61,59;46,8;65,36;37,42;1,027;6,3;4,38;183,9
2026-04-16;13:00;EST-03;38,91;69,44;36,14;47,02;60,93;1,231;1,74;2,68;40,3
2026-04-16;14:00;EST-03;27,81;;43,14;;54,49;1,18;3,95;1,98;219,6
2026-04-16;15:00;EST-03;32,04;47,13;48,96;70,4;;1,03;3,25;3,61;209,9
2026-04-16;16:00;EST-03;35,56;41,22;;52,54;58,56;1,084;5,63;2,44;28,4
2026-04-16;17:00;EST-03;30,79;47,44;32,38;41,91;61,87;1,275;4,82;4,02;59,1
2026-04-16;18:00;EST-03;31,92;44,76;41,33;72,34;73,79;0,944;;2,45;134,2
2026-04-16;19:00;EST-03;39,97;65,51;38,14;55,79;76,28;0,842;2,31;4,05;315,5
2026-04-16;20:00;EST-03;37,79;;37,6;55,51;93,2;0,831;1,82;2,08;
2026-04-16;21:00;EST-03;27,79;39,95;37,94;50,95;72,66;;2,57;0,3;37
2026-04-16;22:00;EST-03;34,33;56,48;26,54;27,88;69,7;0,767;2,33;;179,8
2026-04-16;23:00;EST-03;31,35;47,95;29,62;58,39;69,45;0,509;5,73;3,54;333,1
2026-04-17;00:00;EST-03;39,74;63,44;27,52;42,94;66,08;0,682;2,82;3,68;51,8
2026-04-17;01:00;EST-03;34,07;53,22;23,59;38,88;61,32;0,291;6,69;3,6;1
2026-04-17;02:00;EST-03;28,13;47,19;28,3;26,87;56,25;0,498;0;2,79;201,3
2026-04-17;03:00;EST-03;32,46;56,75;23,7;24,86;38,03;0,577;5,41;4,25;162,7
2026-04-17;04:00;EST-03;33,75;;21,99;31,8;47,98;0,705;3,52;1,2;334,7
2026-04-17;05:00;EST-03;28,42;58,8;31,71;53,3;38,42;0,517;5,4;1,74;238,2
2026-04-17;06:00;EST-03;29,3;44,2;30,24;35,77;38,4;0,643;3,64;1,26;98,9
2026-04-17;07:00;EST-03;30,95;;37,9;43,04;47,72;0,686;4,82;1,37;314,2
2026-04-17;08:00;EST-03;33,5;51,23;32,12;42,82;36,51;0,826;3,92;1,43;57,7
2026-04-17;09:00;EST-03;33,19;55,87;40,9;63,64;34,67;0,961;3,66;0;275
2026-04-17;10:00;EST-03;34,5;48,96;37,16;53,11;29,88;0,893;7,1;0,1;141,2
2026-04-17;11:00;EST-03;32,16;;41,08;;43,3;1,286;5,68;4,04;20,5
2026-04-17;12:00;EST-03;36,49;61,19;48,02;;50,41;1,281;9,27;2,64;191,9
2026-04-17;13:00;EST-03;38,57;56,23;45;49,18;45,65;1,169;5,9;4,17;74,3
2026-04-17;14:00;EST-03;46,3;74,98;46,2;51,74;50,28;1,357;4,34;2,66;191,3
2026-04-17;15:00;EST-03;32,09;50,77;51,7;81,07;58,43;1,421;1,48;1,04;134,3
2026-04-17;16:00;EST-03;39,78;61,91;43,38;54,28;65,66;1,176;4,04;0,76;59,3
2026-04-17;17:00;EST-03;34,71;;48,4;85,12;79,8;1,18;3,47;2,39;55,2
2026-04-17;18:00;EST-03;34,32;62,82;29,82;39,38;76,13;0,873;3,52;3,39;306,4
2026-04-17;19:00;EST-03;29,86;39,57;;33,7;64,52;0,758;6,47;2,03;137,6
2026-04-17;20:00;EST-03;30,18;52,09;44,38;55,03;84,35;0,855;4,03;3,1;59,3
2026-04-17;21:00;EST-03;40,39;67,75;35,12;45,79;78,35;0,553;4,22;6,82;263,9
2026-04-17;22:00;EST-03;32,93;54,32;28,86;38,77;71,87;0,562;4,44;1,77;353
2026-04-17;23:00;EST-03;30,16;51,68;24,58;41,88;72,54;0,58;1,95;1,37;175,4
2026-04-18;00:00;EST-03;27,48;47,82;21,62;38,33;;0,309;2,58;1,67;97,4
2026-04-18;01:00;EST-03;30,41;42,09;25,2;26,13;;0,538;3,95;2,91;344,4
2026-04-18;02:00;EST-03;29,37;41,33;;29,99;;0,31;2,6;2,12;350,3
2026-04-18;03:00;EST-03;34,56;60,85;27,02;35,77;;0,469;0;0;12,8
2026-04-18;04:00;EST-03;31,59;47,84;34,02;51,32;;0,662;7,13;3,27;201,9
2026-04-18;05:00;EST-03;28,97;37,67;27,72;30,4;;0,556;0,03;0,6;286,3
2026-04-18;06:00;EST-03;31,79;47,9;28,65;34,46;;0,52;3,57;2,03;183,6
2026-04-18;07:00;EST-03;34,64;59,51;29,24;28,34;;0,754;2,09;2,92;161,6
2026-04-18;08:00;EST-03;40,92;66,97;;46,74;;0,75;4,69;4,92;6
2026-04-18;09:00;EST-03;31,28;42,47;45,82;68,25;;0,852;4,54;1,02;284,6
2026-04-18;10:00;EST-03;31,3;47,93;36,79;25,44;;0,865;3,58;2,5;175,7
2026-04-18;11:00;EST-03;38,05;62,88;44,55;69,34;;1,125;;0;267,7
2026-04-18;12:00;EST-03;43,82;71,42;36,6;60,92;;1,226;1,43;;25,5
2026-04-18;13:00;EST-03;38,14;48,29;44,45;58,83;;1,123;6,28;0,96;282,8
2026-04-18;14:00;EST-03;36,95;62,1;46,84;71,36;;1,299;2,2;3,08;212
2026-04-18;15:00;EST-03;31,14;52,76;48,04;78,95;;1,201;;1,4;59
2026-04-18;16:00;EST-03;32,12;60,32;45,91;;;1,32;5,99;1,11;314,8
2026-04-18;17:00;EST-03;40,89;67,8;37,64;57,67;;;7,49;4,35;43,6
2026-04-18;18:00;EST-03;;75,22;39,8;45,4;;1,009;6,46;;349,1
2026-04-18;19:00;EST-03;25,26;37,95;37,1;55,64;;0,739;5,32;4,34;82,8
2026-04-18;20:00;EST-03;36,83;56,17;28,64;54,73;;0,797;0,76;;218,5
2026-04-18;21:00;EST-03;34,38;43,33;35,57;37,26;;0,728;3,07;3,99;349,3
2026-04-18;22:00;EST-03;37,3;60,16;30,69;40,69;;0,855;2,99;3,47;205
2026-04-18;23:00;EST-03;22,9;37,89;29,78;40,81;;0,563;4,53;1,17;311,1
2026-04-19;00:00;EST-03;29,53;51,16;28,42;;;0,587;1,65;2,59;114,7
2026-04-19;01:00;EST-03;25,04;46,99;33,44;45,03;;0,569;3,63;0;103,2
2026-04-19;02:00;EST-03;31,88;55,45;20,6;26,68;;0,391;0,94;4,36;
2026-04-19;03:00;EST-03;34,5;46,83;24,74;38,71;;0,236;0;4,78;236
2026-04-19;04:00;EST-03;35,2;61,9;;38,48;;0,668;4,17;5,35;358
2026-04-19;05:00;EST-03;;45,52;23,84;49,72;;0,755;5,77;1,12;114,7
2026-04-19;06:00;EST-03;37,98;51,77;37,92;58,45;;0,666;4,93;2,2;169,3
2026-04-19;07:00;EST-03;;62,58;29,41;51,62;;0,763;5,48;;351,2
2026-04-19;08:00;EST-03;33,89;50,96;39,82;47,06;;0,503;;2,57;69,8
2026-04-19;09:00;EST-03;36,59;58,07;42,86;64,49;;0,947;3,06;2,05;141,6
2026-04-19;10:00;EST-03;35,31;63,16;40,47;59,66;;;2,84;0,94;254,3
2026-04-19;11:00;EST-03;;69,25;44,34;61,34;;1,2;;2,4;348,4
2026-04-19;12:00;EST-03;36,67;50,32;35,05;35,57;;1,112;5,37;2,46;21,5
2026-04-19;13:00;EST-03;38,04;60,95;41,77;69,86;;1,232;3,64;3,67;226,8
2026-04-19;14:00;EST-03;38,03;59,26;51,97;72,77;;1,241;4,04;2,28;236,2
2026-04-19;15:00;EST-03;35,51;57,69;44,7;65,18;;1,247;;4,85;189,9
2026-04-19;16:00;EST-03;47,89;76,92;48,45;62,03;;1,041;4,91;2,1;324,9
2026-04-19;17:00;EST-03;35,89;52,69;40,71;69,33;;0,89;6,19;1,16;262,9
2026-04-19;18:00;EST-03;38,21;64,84;49,27;62,34;;1,189;2,71;1,38;54,1
2026-04-19;19:00;EST-03;36,33;49,67;40,35;45,22;;0,981;7,83;3,5;10,2
2026-04-19;20:00;EST-03;30,81;50,72;34,85;58,28;;1,103;6,55;2,19;176,8
2026-04-19;21:00;EST-03;29,83;48,97;;51,21;;0,48;2,73;4,48;344,1
2026-04-19;22:00;EST-03;;58,09;29,42;44,57;;0,563;2,47;3,21;202,5
2026-04-19;23:00;EST-03;31,61;56,6;26,92;38,71;;0,56;7,23;3,05;65,7
2026-04-20;00:00;EST-03;32,65;58,29;30,21;48,05;55,01;0,08;6,55;3,16;
2026-04-20;01:00;EST-03;32,91;64,23;32,41;53,07;53,86;0,3;0;3,45;204,5
2026-04-20;02:00;EST-03;34,76;59,67;24,23;29,41;;0,375;2,04;5,13;208,1
2026-04-20;03:00;EST-03;29,35;35,34;26,82;37,53;46,68;0,274;4;1,68;51,5
2026-04-20;04:00;EST-03;38,37;62,42;29;36,89;39,29;0,45;9,01;2,07;235,9
2026-04-20;05:00;EST-03;27,86;28,04;23,98;52,62;43,43;0,763;3,3;;333,8
2026-04-20;06:00;EST-03;33,59;55,17;29,95;37,69;42,32;0,525;4,62;2,79;94,2
2026-04-20;07:00;EST-03;29,44;44,54;41,78;67,39;40,8;0,579;1,12;4,14;122,9
2026-04-20;08:00;EST-03;34,55;53,06;27,68;45,69;41,12;0,698;2,47;;125
2026-04-20;09:00;EST-03;42,15;66,79;35,66;50,28;32,36;1,072;5,77;4,13;145,2
2026-04-20;10:00;EST-03;34,17;54,62;37,87;64,75;42,69;;;4,81;52,7
2026-04-20;11:00;EST-03;36,31;67,39;39,52;52,78;38,47;0,885;4,63;1,36;125,4
2026-04-20;12:00;EST-03;34,65;51,91;39,47;57,23;43,07;1,154;8,71;2,27;40,4
2026-04-20;13:00;EST-03;40,74;64,8;46,03;64,61;50,04;1,098;;2,53;222
2026-04-20;14:00;EST-03;43,98;83,34;45,85;69,52;60,49;1,001;5,86;1,86;212
2026-04-20;15:00;EST-03;37,11;64,83;43,77;78,85;56,1;1,361;5,25;3,11;120,7
2026-04-20;16:00;EST-03;34,8;40,16;49,03;64,73;71,02;1,199;6,4;3,7;39,7
2026-04-20;17:00;EST-03;39,29;60,8;47,9;71,78;71,76;1,042;2,17;1,85;85,4
2026-04-20;18:00;EST-03;33,64;45,04;32,81;46,87;74,52;0,995;3;1,08;12,7
2026-04-20;19:00;EST-03;31,75;50,42;29,98;47,58;69,92;0,96;5,77;2,99;73,6
2026-04-20;20:00;EST-03;25,73;38,22;40,52;60,8;85,09;1,056;4,6;2,12;344,9
2026-04-20;21:00;EST-03;;47,25;29,45;33,88;75,73;0,951;5,87;2,02;
2026-04-20;22:00;EST-03;33,39;53,17;29,48;39,68;75,23;;2,54;1,33;
2026-04-20;23:00;EST-03;32,89;50,74;22,27;41,18;74,37;0,219;6,68;2,19;96,3
2026-04-21;00:00;EST-03;35,09;66,06;31,35;45,82;55,75;0,15;5,76;4,51;
2026-04-21;01:00;EST-03;29,06;43,15;;39,99;60,49;0,379;9,32;0,35;305,8
2026-04-21;02:00;EST-03;25,8;40,34;25,74;42,8;52,43;0,345;3,44;0,88;161,7
2026-04-21;03:00;EST-03;31,26;;24,99;33,45;55,88;0,567;6,83;3,06;259,9
2026-04-21;04:00;EST-03;28,87;44,99;32,32;51,99;42,26;0,297;3,59;1,47;80,1
2026-04-21;05:00;EST-03;34,21;50,14;22,7;25,56;36,5;0,492;6,23;1,05;176,3
2026-04-21;06:00;EST-03;28,23;36,71;38,44;64,39;35,59;0,657;4,81;2,71;249,7
2026-04-21;07:00;EST-03;23,04;31,79;41,49;72,93;33,11;0,553;4,56;3,16;335,9
2026-04-21;08:00;EST-03;23,89;57,17;40,66;55,34;29,69;0,948;4,99;2,64;163,4
2026-04-21;09:00;EST-03;34,58;;41,22;60,45;36,43;;0,81;1,3;91
2026-04-21;10:00;EST-03;33,08;50,55;46,44;63,82;25,7;;4,12;2,56;335,9
2026-04-21;11:00;EST-03;38,73;;36,11;47,02;36,12;1,04;5,38;3,11;152,5
2026-04-21;12:00;EST-03;35,93;66,53;47,02;66,73;47,62;1,045;0;1,59;76,3
2026-04-21;13:00;EST-03;38,18;60,27;40,42;40,94;57,37;1,155;3,14;1,49;43,2
2026-04-21;14:00;EST-03;41,53;60,64;50,82;69,99;50,34;1,156;2,43;0,52;14,7
2026-04-21;15:00;EST-03;36,98;62,87;46,1;68,92;46,9;1,056;5,14;0,59;281,7
2026-04-21;16:00;EST-03;31,9;51,14;51,71;78,59;52,9;1,274;7,64;6,7;160,6
2026-04-21;17:00;EST-03;31,37;52,8;50,05;68,58;74,4;0,957;4,74;0;158,4
2026-04-21;18:00;EST-03;35,98;55,38;33,5;42,9;73,3;0,987;4,12;3,6;7,2
2026-04-21;19:00;EST-03;40,47;58,82;47,23;75,02;71,18;0,86;4,41;3,4;27,8
2026-04-21;20:00;EST-03;28,64;48,44;24,42;32,77;82,72;0,587;0,8;2,83;261,8
2026-04-21;21:00;EST-03;34,27;43,4;24;34,38;66,24;0,717;4,39;;215,5
2026-04-21;22:00;EST-03;34,36;62,25;34,6;;70,15;0,555;5,36;1,52;36,5
2026-04-21;23:00;EST-03;28,19;46,39;26,78;33,89;81,18;0,451;;1,5;1
2026-04-22;00:00;EST-03;30,13;41,49;24,22;38,78;70,16;0,457;4,12;1,96;346,7
2026-04-22;01:00;EST-03;26,46;32,99;21,83;37,79;56,63;0,362;3,27;4,37;
2026-04-22;02:00;EST-03;31,64;45,05;26,39;36,39;54,41;0,437;4,11;3,69;271,4
2026-04-22;03:00;EST-03;37,11;59,65;16,82;28,66;51,18;0,419;3,48;0;125,9
2026-04-22;04:00;EST-03;37,13;55,89;31,17;30,81;37,72;0,555;3,79;3,31;227,9
2026-04-22;05:00;EST-03;31,76;49,58;;24,79;48,27;0,752;1,92;0,84;232,9
2026-04-22;06:00;EST-03;33,36;52,29;32,5;45,1;35,99;0,962;2,95;4,96;122,9
2026-04-22;07:00;EST-03;34,98;44,41;32,57;;34,8;0,537;5,51;3,98;82,6
2026-04-22;08:00;EST-03;32,47;45,6;36,76;;34,42;0,868;3,53;1,74;155,2
2026-04-22;09:00;EST-03;34,61;57,8;40,13;58,96;38,03;0,776;2,17;2,44;315,9
2026-04-22;10:00;EST-03;33,91;55,7;44,54;71,86;45,15;0,803;1,67;2,07;273,7
2026-04-22;11:00;EST-03;35,87;54,08;40,55;60,64;31,88;1,434;4,04;4,08;242,3
2026-04-22;12:00;EST-03;39,76;64,22;47,94;65,53;53,31;0,923;5,9;2,68;287,7
2026-04-22;13:00;EST-03;45,67;84,17;34,29;49,42;53,06;1,253;7,03;4,46;274,8
2026-04-22;14:00;EST-03;47,11;80,99;43,24;56,12;61,46;1,081;3,18;2,14;195,1
2026-04-22;15:00;EST-03;37,09;51,44;50,47;67,42;71,3;1,232;6,53;3,45;201
2026-04-22;16:00;EST-03;39,75;65;49,13;88,66;62,38;1,266;;3,26;226,2
2026-04-22;17:00;EST-03;;43,91;47,07;59,77;73,67;1,11;3,62;3,86;35,1
2026-04-22;18:00;EST-03;37,68;66,39;;44,26;69,05;0,729;5,31;3,84;157,8
2026-04-22;19:00;EST-03;36,99;64,99;29,71;40,73;;0,85;7,23;4,14;63,9
2026-04-22;20:00;EST-03;33,27;47,28;35,94;;76,46;0,562;4,21;0;291,3
2026-04-22;21:00;EST-03;30,19;40,97;;55,58;74,71;1,025;5,27;1,53;345,3
2026-04-22;22:00;EST-03;30,86;56,97;31,4;47,01;62,67;0,609;3,89;0,96;143,2
2026-04-22;23:00;EST-03;32,91;52,64;20,87;27,03;65,33;0,546;4,17;1,88;56,6
2026-04-23;00:00;EST-03;;55,07;27,73;50,21;70,8;0,678;6,74;4,84;339,4
2026-04-23;01:00;EST-03;32,73;59,67;32,34;;63,12;0,425;7,69;;249,1
2026-04-23;02:00;EST-03;22,76;37,28;36,32;50,49;54,61;0,483;3,77;3,05;193,4
2026-04-23;03:00;EST-03;;42,24;29,05;48,1;56,61;0,464;4,71;3,63;173,2
2026-04-23;04:00;EST-03;27,99;44,04;19,96;31,21;50,29;0,347;4,87;1,56;305,2
2026-04-23;05:00;EST-03;39,39;57,02;21,53;31,86;41,47;0,617;8;1,33;267,2
2026-04-23;06:00;EST-03;38,44;67,13;34;42,88;43,43;0,72;4,38;1,62;5,5
2026-04-23;07:00;EST-03;39,56;56,73;28,41;34,76;32,22;;5,92;3,19;136,5
2026-04-23;08:00;EST-03;35,11;59,92;26,59;45,8;29,04;0,733;4,68;2,39;299,7
2026-04-23;09:00;EST-03;35,6;55,23;45,23;68,99;36,49;1,007;2,59;5,76;80,8
2026-04-23;10:00;EST-03;36,45;56,61;38,38;50,1;;1,178;1,59;3,98;110,3
2026-04-23;11:00;EST-03;35,3;59,68;;48,99;33,32;1,181;5,21;2,86;57,2
2026-04-23;12:00;EST-03;36,7;56,77;34,93;49,39;47,13;1,157;7,54;0,99;280,8
2026-04-23;13:00;EST-03;38,4;62,9;35,15;54,04;50,31;;3,77;1,29;28,6
2026-04-23;14:00;EST-03;32,65;54,73;53,81;77,45;41,04;1,243;;0,85;10,1
2026-04-23;15:00;EST-03;41,38;62,2;36,44;;55,18;1,163;2,97;1,48;333,3
2026-04-23;16:00;EST-03;39,32;64,1;47,74;61,59;57,43;1,068;2,82;0;190,6
2026-04-23;17:00;EST-03;41,25;70,8;44,7;63,63;76,84;0,924;2,07;4,19;135,7
2026-04-23;18:00;EST-03;33,32;56,62;37,81;46,23;66,13;1,048;4,41;4,78;104,6
2026-04-23;19:00;EST-03;;62,73;42,52;60,68;63,95;0,782;1,89;2,55;279,8
2026-04-23;20:00;EST-03;40,41;55,23;29,19;42,83;77,13;0,412;0,53;2,1;122,3
2026-04-23;21:00;EST-03;40,52;62,34;31,56;37,49;77,12;0,926;6,51;2,46;74
2026-04-23;22:00;EST-03;32,03;59,54;28;24,67;69,16;0,558;;2,85;116,4
2026-04-23;23:00;EST-03;38,61;53,78;31,58;51,95;71,26;0,366;;2,65;318,5
2026-04-24;00:00;EST-03;28,3;53,03;24,34;18,92;62,66;0,526;4,68;3;
2026-04-24;01:00;EST-03;25,68;38,54;33,07;30,55;58,85;0,598;6,43;3,49;291
2026-04-24;02:00;EST-03;25,84;49,58;19;17,48;56,33;0,326;4,41;3,15;264,7
2026-04-24;03:00;EST-03;31,87;47,28;28,72;33,56;54,3;0,423;4,8;0;42
2026-04-24;04:00;EST-03;24,53;49,72;20,6;34,7;40,15;;3,91;4,97;187,9
2026-04-24;05:00;EST-03;32,71;60,12;24,76;43,21;45,27;0,651;3,69;1,84;243,4
2026-04-24;06:00;EST-03;28,77;40,53;31,83;42,74;39,27;0,673;1,88;;97,8
2026-04-24;07:00;EST-03;29,86;42,5;40,89;;46,82;0,74;;3,8;301,1
2026-04-24;08:00;EST-03;40,65;58,54;34,22;41,08;23,82;0,701;7,75;2,24;75
2026-04-24;09:00;EST-03;43,38;87,38;47,12;84,83;36,63;0,938;4,59;2,5;95,9
2026-04-24;10:00;EST-03;39,01;59,62;33,11;49,27;32,52;0,912;3,71;1,94;35,1
2026-04-24;11:00;EST-03;36,16;64,82;43,1;59,63;40,81;0,889;4,68;3,77;309,1
2026-04-24;12:00;EST-03;32,06;42,17;40,98;68,44;45,33;1,03;1,09;;202,3
2026-04-24;13:00;EST-03;41,61;72,65;39,41;61,2;52,73;1,009;3,83;3,01;228,6
2026-04-24;14:00;EST-03;31,16;50,64;48,18;80,09;49,99;1,118;3,58;2,94;138,9
2026-04-24;15:00;EST-03;40,28;57,7;46,64;59,36;58,32;1,443;1,2;2,08;
2026-04-24;16:00;EST-03;38,08;67,21;44,51;61,38;71,97;1,196;5,64;3,57;41,1
2026-04-24;17:00;EST-03;36,52;51,97;37,92;64,89;65,89;;1,18;0,87;202,6
2026-04-24;18:00;EST-03;34,63;57,26;39,44;54,07;69,5;1,027;5,28;4,92;230,9
2026-04-24;19:00;EST-03;33,46;50,4;44,94;68,43;61,92;0,612;2,34;2,85;270,7
2026-04-24;20:00;EST-03;36,06;56,64;41,99;64,96;74,47;0,972;0,7;2,37;273,6
2026-04-24;21:00;EST-03;35,37;46,31;31,11;46,76;76,18;0,874;5,52;2,41;196,5
2026-04-24;22:00;EST-03;31,19;50,79;33,97;47,2;73,49;0,744;5,42;4,35;312,6
2026-04-24;23:00;EST-03;33,98;51,61;30,49;46,43;71,82;0,741;0,63;4,77;267,4
2026-04-25;00:00;EST-03;32,81;56,05;25,13;35,23;68,19;0,549;5,44;3,44;120,9
2026-04-25;01:00;EST-03;33,28;;29,5;;59,02;0,639;2,17;2,46;147,9
2026-04-25;02:00;EST-03;35,52;66,67;24,5;;63,9;0,395;4,26;3,6;175,5
2026-04-25;03:00;EST-03;30,58;61,78;22,84;38,81;51,97;0,389;4,44;5,13;327,7
2026-04-25;04:00;EST-03;33,38;63,01;24,89;26,47;54,61;0,474;5,79;1,36;15
2026-04-25;05:00;EST-03;26,78;43,24;24,69;27,54;38,04;0,173;1,68;3,67;65,6
2026-04-25;06:00;EST-03;27,7;47,61;25,61;41,63;35,99;0,551;3,82;6,34;17
2026-04-25;07:00;EST-03;33,87;58,88;27,6;25,89;31,07;0,81;3,32;2,15;199
2026-04-25;08:00;EST-03;30,77;48,71;27,43;40,97;35,38;0,919;1,71;2,21;211,4
2026-04-25;09:00;EST-03;34,05;63,37;35,98;39,45;30,6;0,662;1,41;3,51;256,1
2026-04-25;10:00;EST-03;37,25;59,75;37,34;54,1;31,05;1,126;2,6;1,92;26
2026-04-25;11:00;EST-03;39,59;66,6;28,96;42,58;29,39;1,032;3,78;1,97;240,4
2026-04-25;12:00;EST-03;40,34;59,91;39,61;55,17;34,74;1,075;6,7;0,24;189
2026-04-25;13:00;EST-03;35,49;68,82;41,97;54,92;42,64;1,188;4,54;1,17;
2026-04-25;14:00;EST-03;39,08;67,65;43,36;62,65;52,72;1,419;4,23;2,51;56,5
2026-04-25;15:00;EST-03;35,8;58,71;48,76;62,78;59,94;;4,72;0;29,8
2026-04-25;16:00;EST-03;32;51,4;39,16;50,85;56,83;1,086;1,75;3,64;290,4
2026-04-25;17:00;EST-03;37,43;58,08;31,88;40,97;63,57;1,12;5,24;2,99;
2026-04-25;18:00;EST-03;;50,3;45,19;64,59;69,84;1,277;5,16;2,21;193,3
2026-04-25;19:00;EST-03;40,34;65,79;37,71;58,21;78,6;0,986;5,77;3,18;296,9
2026-04-25;20:00;EST-03;31,07;60,58;28,83;42,84;65,98;0,785;2,86;2,7;332,1
2026-04-25;21:00;EST-03;29,14;46,45;39,38;44,63;68,19;0,826;4,16;2,73;160,6
2026-04-25;22:00;EST-03;28,82;;26,79;34,72;79,36;0,345;1,61;0,45;304,8
2026-04-25;23:00;EST-03;28,71;43,98;19,86;25,7;73,34;0,555;3,78;0,15;189,2
2026-04-26;00:00;EST-03;31,12;43,85;29,61;48,54;60,83;0,562;;4,22;313,3
2026-04-26;01:00;EST-03;25,76;;31,87;36,85;55,73;0,326;3,73;;5,1
2026-04-26;02:00;EST-03;33,35;41,99;20,13;33,54;57,32;0,241;5,12;4,49;2,1
2026-04-26;03:00;EST-03;26,1;47,02;33,96;40,45;49,06;0,577;;0;64,9
2026-04-26;04:00;EST-03;26,62;34,97;17,7;34,3;38,99;0,504;5,16;2,74;195,3
2026-04-26;05:00;EST-03;32,7;53,14;24,13;26,98;39,23;0,498;4,86;4,15;205,7
2026-04-26;06:00;EST-03;28,76;32,92;26,16;25,86;32,3;0,636;;5,29;188,6
2026-04-26;07:00;EST-03;40,6;69,25;37,84;50,11;28,23;0,629;3,98;1,56;289,7
2026-04-26;08:00;EST-03;35,67;51,04;27,33;29,29;32,59;0,651;3,54;3,4;150,9
2026-04-26;09:00;EST-03;32,39;;34,71;53,84;40,02;0,956;6,4;5,09;106,6
2026-04-26;10:00;EST-03;;65,55;45,1;68,81;24,82;0,855;1,56;0;289,4
2026-04-26;11:00;EST-03;45,1;70,62;46,34;76,76;41,11;1,079;3,51;;38,6
2026-04-26;12:00;EST-03;39,31;65,46;;48,02;49,39;0,954;5,24;3,63;25,5
2026-04-26;13:00;EST-03;35,43;69,42;44,26;52,2;53,63;1,07;0,16;3,28;247,1
2026-04-26;14:00;EST-03;39,28;57,98;48,54;69,42;38,46;1,257;3,42;4,63;323,7
2026-04-26;15:00;EST-03;40,89;61,16;40,71;56,79;57,01;1,387;3,69;0,66;18,2
2026-04-26;16:00;EST-03;41,32;65,12;42,56;68,06;58,51;0,811;2,29;;48,6
2026-04-26;17:00;EST-03;30,59;55,04;42,89;63,16;;0,888;4,61;3,86;68,1
2026-04-26;18:00;EST-03;38,89;65,29;31,31;43,72;65,58;1,192;6,26;1,07;270,8
2026-04-26;19:00;EST-03;36,03;63,05;29,21;23,22;73,55;0,524;4,32;3,39;113,8
2026-04-26;20:00;EST-03;31,51;51,38;38,26;44,15;79,49;0,841;2,79;2,71;142,2
2026-04-26;21:00;EST-03;36,09;55,57;33,55;42;67,69;0,722;2,21;3,7;54,7
2026-04-26;22:00;EST-03;28,94;47,59;26,15;23,78;67,74;0,592;5,04;2,72;60,2
2026-04-26;23:00;EST-03;27,25;41,33;36,15;35,16;65,43;0,356;3,61;1,85;43,9
2026-04-27;00:00;EST-03;26,99;44,72;19,81;23,03;64;0,564;8,87;3,55;123,6
2026-04-27;01:00;EST-03;29,76;48,7;22,74;35,6;45,55;0,497;3,05;2,34;170,9
2026-04-27;02:00;EST-03;;41,56;28,97;41,92;44,31;0,603;3,58;1,71;277,4
2026-04-27;03:00;EST-03;28,61;38,63;26,17;31,85;52,85;0,491;7,25;2,18;68,1
2026-04-27;04:00;EST-03;24,66;52,61;29,65;35,97;54,16;0,657;1,3;1,37;185,4
2026-04-27;05:00;EST-03;26,89;42,45;31,49;33,1;41,62;0,692;4,8;2,39;257,4
2026-04-27;06:00;EST-03;35,32;49,46;31,21;43,9;43,43;0,513;3;;161,3
2026-04-27;07:00;EST-03;31,27;44,86;28,58;44,31;28,06;0,544;5,79;2,25;219,8
2026-04-27;08:00;EST-03;32,56;52,09;35,78;61,19;41,84;0,973;2,74;1,02;292,3
2026-04-27;09:00;EST-03;40,54;71,84;37,65;58,54;39,15;0,926;4,38;2,65;178
2026-04-27;10:00;EST-03;33,26;49;32;45,95;36,44;;6,52;4,49;134,5
2026-04-27;11:00;EST-03;33,8;45,49;46,72;76,47;49,19;1,156;;3,05;106,7
2026-04-27;12:00;EST-03;42,47;76,53;48,21;62,79;37,83;1,227;2,42;4,71;175,1
2026-04-27;13:00;EST-03;;66,13;43,63;53,67;36,45;1,107;2,97;;238,1
2026-04-27;14:00;EST-03;39,81;55,94;;48,46;66,57;1,179;0;1,42;25,7
2026-04-27;15:00;EST-03;;54,2;41,35;51,35;52,22;1,31;6,4;2,12;45,8
2026-04-27;16:00;EST-03;32,96;53,16;44,81;60,98;66,38;1,193;1,89;4,29;191,2
2026-04-27;17:00;EST-03;43,53;72,17;51,93;82,1;69,51;0,974;2,6;3,3;94,9
2026-04-27;18:00;EST-03;33,64;58,83;40,19;62,98;65,47;1,15;5;4,3;293,4
2026-04-27;19:00;EST-03;34,7;54,52;46,5;62,78;77,81;0,846;0,28;0,66;191,5
2026-04-27;20:00;EST-03;36,8;61,34;40,73;60,15;69,35;0,889;4,34;1,64;259,5
2026-04-27;21:00;EST-03;33,28;49,62;31,52;55,44;81,6;0,725;4,11;0,35;213,9
2026-04-27;22:00;EST-03;36,15;62,34;18,63;26,4;70,56;0,702;3,1;2,15;202,8
2026-04-27;23:00;EST-03;28,08;41,48;28,9;51,16;72,99;0,678;4,13;4,74;266,7
2026-04-28;00:00;EST-03;38,62;74,71;28,62;46,73;63,77;0,422;2,78;2,43;294,5
2026-04-28;01:00;EST-03;31,82;62,82;25,84;24,27;69,04;0,23;2,88;2,91;250,9
2026-04-28;02:00;EST-03;24,22;34,27;17,6;29,61;61,1;0,217;5,99;3,9;17,4
2026-04-28;03:00;EST-03;22,21;29,1;22,36;43,64;48,11;0,263;4,3;0,56;12,5
2026-04-28;04:00;EST-03;26,63;;28,22;53,51;57,19;0,298;2,81;3,27;215,7
2026-04-28;05:00;EST-03;22,52;36,55;25,49;20,3;31,83;0,432;4,12;4,01;140,6
2026-04-28;06:00;EST-03;35,79;57,42;26,48;35,6;40,85;0,755;3,7;1,11;233,7
2026-04-28;07:00;EST-03;34,88;63,2;29,02;35,28;39,22;0,635;3,1;4,38;27,6
2026-04-28;08:00;EST-03;42,22;63,88;39,33;54,2;;0,761;5,71;1,98;
2026-04-28;09:00;EST-03;42,29;67,84;34,21;35,97;45,87;0,821;8,12;3,1;49,2
2026-04-28;10:00;EST-03;36,68;71,98;29,04;42,37;35,09;0,968;4,3;2,1;143,8
2026-04-28;11:00;EST-03;36,73;50,89;43,98;67,3;36,61;1,363;6,67;3,77;59,5
2026-04-28;12:00;EST-03;37,58;66,98;51,51;78,58;40,58;1,14;5,15;;182
2026-04-28;13:00;EST-03;35,6;66,46;39,3;47,49;40,86;1,045;6,49;4,42;2,1
2026-04-28;14:00;EST-03;39,99;63,91;;72,4;62,25;1,253;2,29;2,16;282,3
2026-04-28;15:00;EST-03;38,25;63,07;42,95;48,5;71,97;1,222;4,91;1,87;311,6
2026-04-28;16:00;EST-03;;57,47;47,21;73,34;68,59;1,295;7,61;3,08;256,9
2026-04-28;17:00;EST-03;38,8;50,69;41,3;50,88;69,53;0,964;5,21;3,97;346,5
2026-04-28;18:00;EST-03;42,48;57,91;34;71,03;77,38;1,034;4,06;2,41;217,4
2026-04-28;19:00;EST-03;31,95;50,44;34,01;;88,67;0,866;4,56;2,86;280,9
2026-04-28;20:00;EST-03;32,09;58,83;37,22;41,81;73,35;0,774;3,56;3,26;109,3
2026-04-28;21:00;EST-03;35,03;58,08;32,84;28,77;77,99;0,77;2,03;;32
2026-04-28;22:00;EST-03;36,68;61,76;31,61;51,83;;0,662;2,76;4,17;296,5
2026-04-28;23:00;EST-03;34,44;55,21;32,76;39,61;68,68;0,526;4,87;0,93;107,1
2026-04-29;00:00;EST-03;23,15;;18,53;32,56;66,4;0,522;6,95;2,03;288
2026-04-29;01:00;EST-03;30,4;48,12;31,87;61,28;56,59;0,539;;3;274,4
2026-04-29;02:00;EST-03;28,67;;32,67;40,19;52,55;0,367;2,43;;47,1
2026-04-29;03:00;EST-03;27,27;44,53;25,18;42,67;40,78;0,293;5,45;1,54;64,2
2026-04-29;04:00;EST-03;28,17;44,47;25,85;34,52;37,83;0,57;6,65;0;164,9
2026-04-29;05:00;EST-03;35,18;65,71;17,28;30,72;49,69;0,388;7,16;2,23;279,7
2026-04-29;06:00;EST-03;29,12;52,6;34,17;61,64;45,32;0,599;10,22;4,53;284
2026-04-29;07:00;EST-03;;37,18;25,19;27,79;42,95;0,77;2,77;2,3;326,1
2026-04-29;08:00;EST-03;37,2;54,25;;53,85;28,91;1,038;3,41;1,01;81,8
2026-04-29;09:00;EST-03;35,25;58,86;31,66;50,83;;0,714;4,71;1,32;217,5
2026-04-29;10:00;EST-03;40,96;67,23;;39,52;41,16;;1,34;2,51;2,6
2026-04-29;11:00;EST-03;38,35;58,72;;;43,62;1,115;5,2;4,27;278,2
2026-04-29;12:00;EST-03;34,82;45,58;33,57;45,58;43,35;0,983;2,26;4,79;338,2
2026-04-29;13:00;EST-03;32,82;49,85;46,69;60,35;43,97;1,136;6,18;4,27;202,6
2026-04-29;14:00;EST-03;39,84;63,71;39,96;53,57;46,41;1,374;7,1;1,88;208,2
2026-04-29;15:00;EST-03;;74,63;39,09;53,54;58,82;1,071;4,77;1,45;281,8
2026-04-29;16:00;EST-03;37,06;50,36;33,38;54,08;59,56;1,467;7,94;1,74;308,5
2026-04-29;17:00;EST-03;40,58;61,05;29,16;46,33;68,33;1,148;3,54;0,78;145,9
2026-04-29;18:00;EST-03;38,83;60;38,2;41,32;71,87;0,833;5,84;1,4;13,7
2026-04-29;19:00;EST-03;43,69;68,07;35,39;54,22;62,61;1,091;5,99;3,29;173,9
2026-04-29;20:00;EST-03;32,96;45,1;40,62;65,29;76,33;;6,99;;77,6
2026-04-29;21:00;EST-03;34,03;57,48;30,11;53,41;76,97;0,913;4,36;2,43;147,5
2026-04-29;22:00;EST-03;;66,53;;28,11;76,18;0,384;4,07;2,33;254,4
2026-04-29;23:00;EST-03;32,66;65,18;26,37;43,04;82,28;0,647;2,71;2,86;294,8
2026-04-30;00:00;EST-03;36,27;65,32;12,49;10,64;63,58;;0;1,41;315,1
2026-04-30;01:00;EST-03;28,04;38,87;25,55;38,51;56,36;0,619;4,12;1,19;254
2026-04-30;02:00;EST-03;29,15;53,32;20,88;34;;0,699;4,78;1,45;111,7
2026-04-30;03:00;EST-03;33,22;50,76;19,52;31,62;49,2;0,186;4,51;1,54;
2026-04-30;04:00;EST-03;29,13;54,3;32,38;52,91;45,62;0,543;4,2;0,84;76,3
2026-04-30;05:00;EST-03;28,74;54,4;33,31;38;40,18;0,457;3,69;1,7;253,1
2026-04-30;06:00;EST-03;31,92;52,38;31,12;35,35;;0,759;6,95;0,78;247,9
2026-04-30;07:00;EST-03;33,21;59,8;34,21;53,34;26,52;0,611;0;2,29;
2026-04-30;08:00;EST-03;;72,26;35,7;37,88;36,25;1,079;4,95;4,28;288,9
2026-04-30;09:00;EST-03;31,55;50,06;27,95;57,25;;1,034;3,08;0,19;222
2026-04-30;10:00;EST-03;31,5;52,5;42,22;59,69;31,97;0,978;2,1;3,71;101,1
2026-04-30;11:00;EST-03;36,74;55,38;52,61;63,23;30,59;1,071;3,48;4,15;99,4
2026-04-30;12:00;EST-03;37,58;63,13;46,07;81,33;45,52;1,044;4,4;0;91,4
2026-04-30;13:00;EST-03;42,24;71,19;46,15;69,81;55,44;1,4;4,89;2,03;134
2026-04-30;14:00;EST-03;41,91;70,15;45,76;58,56;59,79;1,161;3,93;2,42;58,1
2026-04-30;15:00;EST-03;33,27;56,61;41,05;51,99;64,49;1,037;5,77;2,65;28,9
2026-04-30;16:00;EST-03;42,92;70,54;45,63;71,94;73;1,177;5,23;3,06;28,1
2026-04-30;17:00;EST-03;30,49;50,08;48,97;73,22;61,74;1,247;3,38;0;222,7
2026-04-30;18:00;EST-03;32,22;62,23;45,74;62,21;74,08;1,364;6;2,86;348,2
2026-04-30;19:00;EST-03;35,51;60,3;32,91;32,67;71,59;0,909;4,66;0,37;332,8
2026-04-30;20:00;EST-03;30,68;52,74;39,67;52,38;68,22;1,032;5,75;2,73;337,5
2026-04-30;21:00;EST-03;33,3;49,55;27,4;37,5;77,95;0,905;4,05;4,32;96,8
2026-04-30;22:00;EST-03;28,87;38,36;27,47;28,31;83,38;0,666;3,81;5,08;258,6
2026-04-30;23:00;EST-03;30,62;60,99;27,21;57,67;72,86;0,713;6,67;;324,8